Details,Posting Date,Description,Amount,Type,Balance,Check or Slip #
DEBIT,06/01/2026,"Zelle payment to PHUONG 29435198560",-3000.00,QUICKPAY_DEBIT,40066.63,,
DEBIT,06/01/2026,"Payment to Chase card ending in 0687 06/01",-347.36,LOAN_PMT,43066.63,,
DEBIT,06/01/2026,"CITI AUTOPAY     PAYMENT    292026018340273 WEB ID: CITICARDAP",-477.15,ACH_DEBIT,43413.99,,
CREDIT,05/29/2026,"FPT USA CORP     PAYROLL                    PPD ID: 1260302465",2078.35,ACH_CREDIT,43891.14,,
DEBIT,05/26/2026,"Zelle payment to CRISTIAN 29337655915",-1350.00,QUICKPAY_DEBIT,41812.79,,
CREDIT,05/21/2026,"Zelle payment from PHONG NGUYEN BACfz8841cfk",1500.00,PARTNERFI_TO_CHASE,43162.79,,
DEBIT,05/20/2026,"TARGET DEBIT CRD ACH TRAN   000002290773484 POS ID: 6510215171",-40.53,ACH_DEBIT,41662.79,,
DEBIT,05/18/2026,"TARGET DEBIT CRD ACH TRAN   000012311631424 POS ID: 6510215171",-11.18,ACH_DEBIT,41703.32,,
CREDIT,05/15/2026,"FPT USA CORP     PAYROLL                    PPD ID: 1260302465",2078.36,ACH_CREDIT,41714.50,,
DEBIT,05/13/2026,"Zelle payment to Bao Xe JPM99cgvk0vo",-70.00,CHASE_TO_PARTNERFI,39636.14,,
DEBIT,05/12/2026,"Payment to Chase card ending in 2287 05/12",-7920.92,LOAN_PMT,39706.14,,
DEBIT,05/11/2026,"Zelle payment to PHUONG 29166887377",-145.00,QUICKPAY_DEBIT,47627.06,,
DEBIT,05/06/2026,"Payment to Chase card ending in 0687 05/06",-346.15,LOAN_PMT,47772.06,,
CREDIT,04/30/2026,"FPT USA CORP     PAYROLL                    PPD ID: 1260302465",2078.35,ACH_CREDIT,48118.21,,
DEBIT,04/27/2026,"TARGET DEBIT CRD ACH TRAN   000001921634292 POS ID: 6510215171",-30.98,ACH_DEBIT,46039.86,,
CREDIT,04/27/2026,"Zelle payment from WOW SHINY CARDBOARD BACilk7d6b2p",2000.00,PARTNERFI_TO_CHASE,46070.84,,
DEBIT,04/24/2026,"Zelle payment to ADAM CISNEROS 28958523659",-1000.00,QUICKPAY_DEBIT,44070.84,,
DEBIT,04/21/2026,"Payment to Chase card ending in 8045 04/21",-2187.71,LOAN_PMT,45070.84,,
CREDIT,04/15/2026,"FPT USA CORP     PAYROLL                    PPD ID: 1260302465",2078.37,ACH_CREDIT,47258.55,,
DEBIT,04/13/2026,"TARGET DEBIT CRD ACH TRAN   000002291625915 POS ID: 6510215171",-50.64,ACH_DEBIT,45180.18,,
DEBIT,04/13/2026,"Zelle payment to LAVENDER SPORTS CLUB LLC JPM99ccuga4r",-60.00,CHASE_TO_PARTNERFI,45230.82,,
DEBIT,04/13/2026,"Zelle payment to LAVENDER SPORTS CLUB LLC JPM99cctwh01",-4.00,CHASE_TO_PARTNERFI,45290.82,,
DEBIT,04/13/2026,"Zelle payment to LAVENDER SPORTS CLUB LLC JPM99ccthkhj",-5.00,CHASE_TO_PARTNERFI,45294.82,,
DEBIT,04/10/2026,"Zelle payment to A Sn. Zippost JPM99ccoc15k",-25.00,CHASE_TO_PARTNERFI,45299.82,,
DEBIT,04/09/2026,"Payment to Chase card ending in 0687 04/09",-50.14,LOAN_PMT,45324.82,,
DEBIT,04/09/2026,"Payment to Chase card ending in 8045 04/09",-1583.11,LOAN_PMT,45374.96,,
DEBIT,04/01/2026,"CITI AUTOPAY     PAYMENT    291975045260226 WEB ID: CITICARDAP",-746.47,ACH_DEBIT,46958.07,,
CREDIT,03/30/2026,"FPT USA CORP     PAYROLL                    PPD ID: 1260302465",2078.36,ACH_CREDIT,47704.54,,
DEBIT,03/13/2026,"Payment to Chase card ending in 8045 03/13",-2285.45,LOAN_PMT,45626.18,,
CREDIT,03/13/2026,"FPT USA CORP     PAYROLL                    PPD ID: 1260302465",2078.36,ACH_CREDIT,47911.63,,
CREDIT,03/06/2026,"Zelle payment from PHONG NGUYEN BACg04wfm277",1500.00,PARTNERFI_TO_CHASE,45833.27,,
DEBIT,03/03/2026,"Payment to Chase card ending in 8045 03/03",-6003.02,LOAN_PMT,44333.27,,
DEBIT,03/02/2026,"CITI AUTOPAY     PAYMENT    291947432240573 WEB ID: CITICARDAP",-286.34,ACH_DEBIT,50336.29,,
CREDIT,03/02/2026,"Zelle payment from PHONG NGUYEN BACh32ux1u75",2500.00,PARTNERFI_TO_CHASE,50622.63,,
CREDIT,02/27/2026,"FPT USA CORP     PAYROLL                    PPD ID: 1260302465",2078.35,ACH_CREDIT,48122.63,,
DEBIT,02/24/2026,"OFFICIAL CHECKS CHARGE",-10.00,FEE_TRANSACTION,46044.28,,
DEBIT,02/24/2026,"WITHDRAWAL 02/24",-7354.31,MISC_DEBIT,46054.28,,
DSLIP,02/24/2026,"DEPOSIT  ID NUMBER  60533",4500.00,DEPOSIT,53408.59,,
DEBIT,02/20/2026,"Payment to Chase card ending in 2174 02/20",-55.26,LOAN_PMT,48908.59,,
DEBIT,02/20/2026,"Payment to Chase card ending in 0687 02/20",-41.44,LOAN_PMT,48963.85,,
DEBIT,02/19/2026,"PAYPAL *Nguyen Tin San Jose CA               02/19",-510.00,DEBIT_CARD,49005.29,,
CREDIT,02/19/2026,"Zelle payment from PHONG NGUYEN BACiypxznrwj",2000.00,PARTNERFI_TO_CHASE,49515.29,,
DEBIT,02/17/2026,"Zelle payment to PAWARISORN JPM99c5y97be",-4600.00,CHASE_TO_PARTNERFI,47515.29,,
CREDIT,02/17/2026,"Zelle payment from PHONG NGUYEN BACd14ka8iq5",2500.00,PARTNERFI_TO_CHASE,52115.29,,
CREDIT,02/13/2026,"FPT USA CORP     PAYROLL                    PPD ID: 1260302465",2078.36,ACH_CREDIT,49615.29,,
DEBIT,02/12/2026,"Payment to Chase card ending in 8045 02/12",-1595.15,LOAN_PMT,47536.93,,
DEBIT,02/10/2026,"Payment to Chase card ending in 8045 02/10",-1672.76,LOAN_PMT,49132.08,,
CREDIT,02/10/2026,"Zelle payment from DAN DAILY LLC 28020026196",1000.00,QUICKPAY_CREDIT,50804.84,,
CREDIT,02/09/2026,"Zelle payment from DAN DAILY LLC 28008463135",5000.00,QUICKPAY_CREDIT,49804.84,,
DEBIT,02/06/2026,"Payment to Chase card ending in 8045 02/06",-1686.15,LOAN_PMT,44804.84,,
CREDIT,02/03/2026,"FPT USA CORP     PAYROLL                    PPD ID: 1260302465",10200.76,ACH_CREDIT,46490.99,,
DEBIT,02/02/2026,"CITI AUTOPAY     PAYMENT    291923243480021 WEB ID: CITICARDAP",-559.83,ACH_DEBIT,36290.23,,
CREDIT,01/30/2026,"FPT USA CORP     PAYROLL                    PPD ID: 1260302465",1897.22,ACH_CREDIT,36850.06,,
DEBIT,01/28/2026,"Zelle payment to NEHA JAIN JPM99c3hul2g",-375.00,CHASE_TO_PARTNERFI,34952.84,,
DEBIT,01/27/2026,"CHASE CREDIT CRD AUTOPAY                    PPD ID: 4760039224",-28.10,ACH_DEBIT,35327.84,,
DEBIT,01/21/2026,"TARGET DEBIT CRD ACH TRAN   000002290796764 POS ID: 6510215171",-11.10,ACH_DEBIT,35355.94,,
CREDIT,01/15/2026,"FPT USA CORP     PAYROLL                    PPD ID: 1260302465",1897.24,ACH_CREDIT,35367.04,,
DEBIT,01/13/2026,"TARGET DEBIT CRD ACH TRAN   000002290750962 POS ID: 6510215171",-38.97,ACH_DEBIT,33469.80,,
DEBIT,01/12/2026,"TARGET DEBIT CRD ACH TRAN   000002290750048 POS ID: 6510215171",-20.66,ACH_DEBIT,33508.77,,
DEBIT,01/05/2026,"TARGET DEBIT CRD ACH TRAN   912003191129996 WEB ID: 6510215171",-100.00,ACH_DEBIT,33529.43,,
DEBIT,01/02/2026,"CITI AUTOPAY     PAYMENT    291896454010094 WEB ID: CITICARDAP",-450.52,ACH_DEBIT,33629.43,,
CREDIT,12/31/2025,"FPT USA CORP     PAYROLL                    PPD ID: 1260302465",1877.20,ACH_CREDIT,34079.95,,
DEBIT,12/23/2025,"Payment to Chase card ending in 8045 12/23",-2000.00,LOAN_PMT,32202.75,,
DEBIT,12/22/2025,"TARGET DEBIT CRD ACH TRAN   000002290752750 POS ID: 6510215171",-28.24,ACH_DEBIT,34202.75,,
CREDIT,12/19/2025,"Zelle payment from ROBOSKILLZ PRODUCTIONS LLC 27397531085",1000.00,QUICKPAY_CREDIT,34230.99,,
CREDIT,12/19/2025,"Zelle payment from ROBOSKILLZ PRODUCTIONS LLC 27382548257",1000.00,QUICKPAY_CREDIT,33230.99,,
DEBIT,12/17/2025,"Zelle payment to Ian Teraoka JPM99byr9q83",-110.00,CHASE_TO_PARTNERFI,32230.99,,
DEBIT,12/16/2025,"ATM WITHDRAWAL                       002691  12/1612991 BEA",-1000.00,ATM,32340.99,,
DEBIT,12/15/2025,"INTERNATIONAL INCOMING WIRE FEE",-15.00,FEE_TRANSACTION,33340.99,,
CREDIT,12/15/2025,"FPT USA CORP     PAYROLL                    PPD ID: 1260302465",1877.18,ACH_CREDIT,33355.99,,
CREDIT,12/15/2025,"BOOK TRANSFER CREDIT B/O: DBS BANK LTD SINGAPORE SINGAPORE 01898-2 SG ORG:/1200459435 HARDIANTO SUDARGA OGB: DBS BANK LTD 12 MARINA BOULEVARD LEVEL 44 REF:/ROC/MB51213001133273/OCMT/USD5200,/ TRN: 2279756346JS",5200.00,WIRE_INCOMING,31478.81,,
CREDIT,12/08/2025,"Zelle payment from HUY TRAN BACncxijxhon",2000.00,PARTNERFI_TO_CHASE,26278.81,,
DEBIT,12/04/2025,"Payment to Chase card ending in 0687 12/04",-285.68,LOAN_PMT,24278.81,,
DEBIT,12/01/2025,"CITI AUTOPAY     PAYMENT    291867947560088 WEB ID: CITICARDAP",-692.20,ACH_DEBIT,24564.49,,
DEBIT,11/28/2025,"Zelle payment to PHUONG 27130907391",-2000.00,QUICKPAY_DEBIT,25256.69,,
CREDIT,11/26/2025,"FPT USA CORP     PAYROLL                    PPD ID: 1260302465",1877.19,ACH_CREDIT,27256.69,,
DEBIT,11/25/2025,"Payment to Chase card ending in 8045 11/25",-394.66,LOAN_PMT,25379.50,,
CREDIT,11/14/2025,"FPT USA CORP     PAYROLL                    PPD ID: 1260302465",1877.19,ACH_CREDIT,25774.16,,
DEBIT,11/03/2025,"ATM WITHDRAWAL                       008279  11/0112991 BEA",-2000.00,ATM,23896.97,,
DEBIT,11/03/2025,"ATM WITHDRAWAL                       006308  11/0112991 BEA",-1000.00,ATM,25896.97,,
DEBIT,11/03/2025,"CITI AUTOPAY     PAYMENT    291843713090674 WEB ID: CITICARDAP",-266.21,ACH_DEBIT,26896.97,,
CREDIT,10/31/2025,"FPT USA CORP     PAYROLL                    PPD ID: 1260302465",1877.19,ACH_CREDIT,27163.18,,
DEBIT,10/27/2025,"Payment to Chase card ending in 0687 10/27",-28.96,LOAN_PMT,25285.99,,
CREDIT,10/27/2025,"PAYPAL           TRANSFER                   PPD ID: PAYPALSD11",2000.00,MISC_CREDIT,25314.95,,
CREDIT,10/24/2025,"Zelle payment from REYNIR SIGURVIN BRYNJOLFSSON 26698295269",60.00,QUICKPAY_CREDIT,23314.95,,
DEBIT,10/22/2025,"TARGET DEBIT CRD ACH TRAN   000002290734636 POS ID: 6510215171",-24.56,ACH_DEBIT,23254.95,,
CREDIT,10/17/2025,"Zelle payment from HUY TRAN BACj9qi5vxxu",641.00,PARTNERFI_TO_CHASE,23279.51,,
DEBIT,10/16/2025,"Zelle payment to REYNIR 26614700142",-60.00,QUICKPAY_DEBIT,22638.51,,
CREDIT,10/15/2025,"FPT USA CORP     PAYROLL                    PPD ID: 1260302465",1877.18,ACH_CREDIT,22698.51,,
DEBIT,10/14/2025,"Payment to Chase card ending in 0687 10/14",-194.03,LOAN_PMT,20821.33,,
DEBIT,10/14/2025,"TARGET DEBIT CRD ACH TRAN   000002290730455 POS ID: 6510215171",-130.60,ACH_DEBIT,21015.36,,
CREDIT,10/08/2025,"Zelle payment from REYNIR SIGURVIN BRYNJOLFSSON 26516286976",50.00,QUICKPAY_CREDIT,21145.96,,
CREDIT,10/08/2025,"Zelle payment from REYNIR SIGURVIN BRYNJOLFSSON 26516299973",350.00,QUICKPAY_CREDIT,21095.96,,
DEBIT,10/06/2025,"TARGET DEBIT CRD ACH TRAN   000001930779388 POS ID: 6510215171",-15.48,ACH_DEBIT,20745.96,,
DEBIT,10/02/2025,"INTERNATIONAL INCOMING WIRE FEE",-15.00,FEE_TRANSACTION,20761.44,,
CREDIT,10/02/2025,"Wise Inc         6389Refund                 PPD ID: 453233521",1556.11,ACH_CREDIT,20776.44,,
CREDIT,10/02/2025,"BOOK TRANSFER CREDIT B/O: DBS BANK LTD SINGAPORE SINGAPORE 01898-2 SG ORG:/1200459435 HARDIANTO SUDARGA OGB: DBS BANK LTD 12 MARINA BOULEVARD LEVEL 44 REF:/ROC/MB75941819896798/OCMT/USD5444,/ TRN: 2165010275JS",5444.00,WIRE_INCOMING,19220.33,,
DEBIT,10/01/2025,"CITI AUTOPAY     PAYMENT    291816929070263 WEB ID: CITICARDAP",-309.68,ACH_DEBIT,13776.33,,
DEBIT,09/30/2025,"ATM WITHDRAWAL                       005421  09/3012991 BEA",-2000.00,ATM,14086.01,,
CREDIT,09/30/2025,"FPT USA CORP     PAYROLL                    PPD ID: 1260302465",1877.20,ACH_CREDIT,16086.01,,
DEBIT,09/29/2025,"ATM WITHDRAWAL                       001165  09/2912991 BEA",-1000.00,ATM,14208.81,,
DEBIT,09/29/2025,"Zelle payment to Eric 26389592077",-1500.00,QUICKPAY_DEBIT,15208.81,,
DEBIT,09/29/2025,"Zelle payment to Eric 26380398570",-500.00,QUICKPAY_DEBIT,16708.81,,
DEBIT,09/29/2025,"Zelle payment to JOVAN JPM99bosk5k8",-500.00,CHASE_TO_PARTNERFI,17208.81,,
DEBIT,09/23/2025,"TARGET DEBIT CRD ACH TRAN   000002291604619 POS ID: 6510215171",-36.37,ACH_DEBIT,17708.81,,
DEBIT,09/22/2025,"Zelle payment to Card JPM99bo32404",-350.00,CHASE_TO_PARTNERFI,17745.18,,
DEBIT,09/22/2025,"Zelle payment to DANG NGUYEN JPM99bo1fjjm",-21.00,CHASE_TO_PARTNERFI,18095.18,,
DEBIT,09/22/2025,"Zelle payment to EDUARDO JPM99bnykdox",-1000.00,CHASE_TO_PARTNERFI,18116.18,,
DEBIT,09/22/2025,"Zelle payment to EDUARDO JPM99bnyjy3t",-275.00,CHASE_TO_PARTNERFI,19116.18,,
DEBIT,09/18/2025,"INTERNATIONAL INCOMING WIRE FEE",-15.00,FEE_TRANSACTION,19391.18,,
CREDIT,09/18/2025,"BOOK TRANSFER CREDIT B/O: DBS BANK LTD SINGAPORE SINGAPORE 01898-2 SG ORG:/1200459435 HARDIANTO SUDARGA OGB: DBS BANK LTD 12 MARINA BOULEVARD LEVEL 44 REF:/ROC/MB75813638410548/OCMT/USD4670,/ TRN: 2197897260JS",4670.00,WIRE_INCOMING,19406.18,,
DEBIT,09/16/2025,"Payment to Chase card ending in 0687 09/16",-35.34,LOAN_PMT,14736.18,,
DEBIT,09/15/2025,"Zelle payment to KEVIN TAING 26224508045",-500.00,QUICKPAY_DEBIT,14771.52,,
DEBIT,09/15/2025,"Zelle payment to DAVID JPM99bn9juxf",-220.00,CHASE_TO_PARTNERFI,15271.52,,
DEBIT,09/15/2025,"Zelle payment to JanSun LLC 26223784027",-590.00,QUICKPAY_DEBIT,15491.52,,
DEBIT,09/15/2025,"Zelle payment to Park JPM99bn6fogi",-200.00,CHASE_TO_PARTNERFI,16081.52,,
DEBIT,09/15/2025,"Zelle payment to EDWARD JPM99bn5xiyv",-350.00,CHASE_TO_PARTNERFI,16281.52,,
CREDIT,09/15/2025,"FPT USA CORP     PAYROLL                    PPD ID: 1260302465",1877.19,ACH_CREDIT,16631.52,,
CREDIT,09/12/2025,"FPT USA CORP     PAYROLL                    PPD ID: 1260302465",19.29,ACH_CREDIT,14754.33,,
DEBIT,09/10/2025,"Zelle payment to Challengersalesgroup 26177977717",-2000.00,QUICKPAY_DEBIT,14735.04,,
DEBIT,09/10/2025,"Zelle payment to Ian Teraoka JPM99bmqcrhf",-450.00,CHASE_TO_PARTNERFI,16735.04,,
DEBIT,09/09/2025,"INTERNATIONAL INCOMING WIRE FEE",-15.00,FEE_TRANSACTION,17185.04,,
CREDIT,09/09/2025,"BOOK TRANSFER CREDIT B/O: DBS BANK LTD SINGAPORE SINGAPORE 01898-2 SG ORG:/1620080214 ANUSARN SANGNIMNUAN OGB: KRUNG THAI BANK PUBLIC COMPANY LIMITED REF:/ROC/XB25090967149537/OCMT/USD4000,/ TRN: 2051031252JS",4000.00,WIRE_INCOMING,17200.04,,
CREDIT,09/08/2025,"Zelle payment from ANUSARN SANGNIMNUAN 26147786846",500.00,QUICKPAY_CREDIT,13200.04,,
CREDIT,09/05/2025,"Zelle payment from ANUSARN SANGNIMNUAN 26125576489",500.00,QUICKPAY_CREDIT,12700.04,,
CREDIT,09/03/2025,"Zelle payment from PAWARISORN BOONYUBOL TDP0JH8U64KF",2500.00,PARTNERFI_TO_CHASE,12200.04,,
DEBIT,09/02/2025,"TARGET DEBIT CRD ACH TRAN   000002290775159 POS ID: 6510215171",-49.09,ACH_DEBIT,9700.04,,
DEBIT,09/02/2025,"CITI AUTOPAY     PAYMENT    291789282480307 WEB ID: CITICARDAP",-574.45,ACH_DEBIT,9749.13,,
CREDIT,09/02/2025,"Zelle payment from PAWARISORN BOONYUBOL TDP0JH8U64HO",1000.00,PARTNERFI_TO_CHASE,10323.58,,
CREDIT,08/29/2025,"FPT USA CORP     PAYROLL                    PPD ID: 1260302465",1877.19,ACH_CREDIT,9323.58,,
DEBIT,08/28/2025,"COLLECTORS UNIVERSE, I SANTA ANA CA  720909  08/29",1233.15,DEBIT_CARD,7446.39,,
DEBIT,08/20/2025,"Payment to Chase card ending in 6049 08/20",-95.00,LOAN_PMT,6213.24,,
DEBIT,08/20/2025,"Payment to Chase card ending in 8045 08/20",-79.39,LOAN_PMT,6308.24,,
DEBIT,08/18/2025,"WITHDRAWAL 08/18",-3500.00,MISC_DEBIT,6387.63,,
CREDIT,08/18/2025,"PAYPAL           TRANSFER                   PPD ID: PAYPALSD11",4000.00,MISC_CREDIT,9887.63,,
CREDIT,08/15/2025,"FPT USA CORP     PAYROLL                    PPD ID: 1260302465",1877.19,ACH_CREDIT,5887.63,,
DEBIT,08/11/2025,"Payment to Chase card ending in 8045 08/11",-420.47,LOAN_PMT,4010.44,,
DEBIT,08/08/2025,"Wise Inc         WISE       TrnWise         WEB ID: 9453233521",-782.73,MISC_DEBIT,4430.91,,
DEBIT,08/01/2025,"CITI AUTOPAY     PAYMENT    291764233450047 WEB ID: CITICARDAP",-684.54,ACH_DEBIT,5213.64,,
DSLIP,08/01/2025,"DEPOSIT  ID NUMBER  52764",2600.00,DEPOSIT,5898.18,,
DEBIT,07/31/2025,"Payment to Chase card ending in 0687 07/31",-169.32,LOAN_PMT,3298.18,,
CREDIT,07/31/2025,"FPT USA CORP     PAYROLL                    PPD ID: 1260302465",1877.19,ACH_CREDIT,3467.50,,
DEBIT,07/28/2025,"Zelle payment to KIET 25634663321",-15.00,QUICKPAY_DEBIT,1590.31,,
DEBIT,07/28/2025,"Zelle payment to KIET 25629311070",-38.25,QUICKPAY_DEBIT,1605.31,,
DEBIT,07/25/2025,"Zelle payment to DANG NGUYEN JPM99bgy0v57",-30.00,CHASE_TO_PARTNERFI,1643.56,,
DEBIT,07/25/2025,"Zelle payment to DIEGO JPM99bgwa6sx",-500.00,CHASE_TO_PARTNERFI,1673.56,,
DEBIT,07/24/2025,"Zelle payment to PAWAN JPM99bgse6zx",-700.00,CHASE_TO_PARTNERFI,2173.56,,
DEBIT,07/24/2025,"Zelle payment to PAWAN JPM99bgseeau",-300.00,CHASE_TO_PARTNERFI,2873.56,,
CREDIT,07/23/2025,"Zelle payment from Tin Nguyen COFDGCZBPOWG",2000.00,PARTNERFI_TO_CHASE,3173.56,,
DEBIT,07/22/2025,"APPLE CASH SENT MONE 1INFINITELOOP CA        07/21",-9.65,DEBIT_CARD,1173.56,,
DEBIT,07/21/2025,"ATM WITHDRAWAL                       007840  07/2015512 BRO",-100.00,ATM,1183.21,,
DEBIT,07/21/2025,"Zelle payment to DAN WINN JPM99bgglad7",-20.00,CHASE_TO_PARTNERFI,1283.21,,
DEBIT,07/21/2025,"Zelle payment to KEVIN 25555100624",-75.00,QUICKPAY_DEBIT,1303.21,,
DEBIT,07/21/2025,"Zelle payment to Jmar JPM99bgg9umm",-420.00,CHASE_TO_PARTNERFI,1378.21,,
DEBIT,07/17/2025,"ATM WITHDRAWAL                       000806  07/177964 BEAC",-1000.00,ATM,1798.21,,
DEBIT,07/16/2025,"Zelle payment to KO 25510379883",-500.00,QUICKPAY_DEBIT,2798.21,,
CREDIT,07/15/2025,"FPT USA CORP     PAYROLL                    PPD ID: 1260302465",1877.19,ACH_CREDIT,3298.21,,
DEBIT,07/14/2025,"Online Transfer to SAV ...6216 transaction#: 25483890744 07/14",-3000.00,ACCT_XFER,1421.02,,
DEBIT,07/14/2025,"Zelle payment to SALVADOR 25470836797",-650.00,QUICKPAY_DEBIT,4421.02,,
DEBIT,07/14/2025,"Payment to Chase card ending in 0687 07/14",-33.05,LOAN_PMT,5071.02,,
DEBIT,07/14/2025,"Zelle payment to Huy Dramaaa JPM99bfg4wfr",-147.44,CHASE_TO_PARTNERFI,5104.07,,
CREDIT,07/14/2025,"PAYPAL           TRANSFER                   PPD ID: PAYPALSD11",1000.00,MISC_CREDIT,5251.51,,
CREDIT,07/14/2025,"Zelle payment from Brandon Gill Chan USBXX6WnNdTi",1501.00,PARTNERFI_TO_CHASE,4251.51,,
DEBIT,07/10/2025,"ATM WITHDRAWAL                       009079  07/1012991 BEA",-2000.00,ATM,2750.51,,
CREDIT,07/09/2025,"Zelle payment from PHONG NGUYEN BACertzeje4s",480.00,PARTNERFI_TO_CHASE,4750.51,,
DEBIT,07/08/2025,"ATM WITHDRAWAL                       006860  07/071001 S PA",-500.00,ATM,4270.51,,
DEBIT,07/07/2025,"Zelle payment to Op Card JPM99beq7lxd",-30.37,CHASE_TO_PARTNERFI,4770.51,,
DEBIT,07/07/2025,"APPLE CASH SENT MONE 1INFINITELOOP CA        07/05",-880.00,DEBIT_CARD,4800.88,,
DEBIT,07/07/2025,"ATM WITHDRAWAL                       002320  07/048901 VALL",-1000.00,ATM,5680.88,,
DEBIT,07/07/2025,"Zelle payment to Chris JPM99bek8wdj",-600.00,CHASE_TO_PARTNERFI,6680.88,,
DEBIT,07/07/2025,"Zelle payment to REYNIR 25367787408",-510.00,QUICKPAY_DEBIT,7280.88,,
DEBIT,07/07/2025,"Zelle payment to Op Card JPM99bejj7sn",-500.00,CHASE_TO_PARTNERFI,7790.88,,
DEBIT,07/07/2025,"Zelle payment to OP JPM99bejgqcc",-760.00,CHASE_TO_PARTNERFI,8290.88,,
CREDIT,07/07/2025,"PAYPAL           TRANSFER                   PPD ID: PAYPALSD11",3000.00,MISC_CREDIT,9050.88,,
CREDIT,07/03/2025,"BOOK TRANSFER CREDIT B/O: PT BANK DANAMON INDONESIA TBK JAKARTA INDONESIA 10160- ID ORG:/903666459023 HARDIANTO SUDARGA OGB: PT BANK DANAMON INDONESIA TBK ANTT MS SANDRA MR RUDHI OPS D REF:/URGP/FXA/ TRN: 0104332183IL",4540.00,WIRE_INCOMING,6050.88,,
DEBIT,07/02/2025,"Payment to Chase card ending in 0687 07/02",-75.58,LOAN_PMT,1510.88,,
DEBIT,07/01/2025,"CITI AUTOPAY     PAYMENT    291737446980017 WEB ID: CITICARDAP",-402.79,ACH_DEBIT,1586.46,,
DEBIT,06/30/2025,"Zelle payment to ISLA TESORO LLC 25300827815",-114.00,QUICKPAY_DEBIT,1989.25,,
DEBIT,06/30/2025,"Zelle payment to Charizard JPM99bdwloqb",-175.00,CHASE_TO_PARTNERFI,2103.25,,
DEBIT,06/30/2025,"Zelle payment to NIKHIL JPM99bdwl0pk",-425.00,CHASE_TO_PARTNERFI,2278.25,,
DEBIT,06/30/2025,"Zelle payment to CARLOS JPM99bdwfjty",-70.00,CHASE_TO_PARTNERFI,2703.25,,
DEBIT,06/30/2025,"Zelle payment to TYLER JPM99bdwf7w0",-575.00,CHASE_TO_PARTNERFI,2773.25,,
DEBIT,06/30/2025,"Zelle payment to BRASS TOWER TCG LLC JPM99bdwdr47",-160.00,CHASE_TO_PARTNERFI,3348.25,,
CREDIT,06/30/2025,"FPT USA CORP     PAYROLL                    PPD ID: 1260302465",1877.18,ACH_CREDIT,3508.25,,
DEBIT,06/23/2025,"Zelle payment to JUAN JPM99bd47x3n",-380.00,CHASE_TO_PARTNERFI,1631.07,,
DEBIT,06/20/2025,"Zelle payment to MUMMIFIED MUNCHIES LLC, COLLEGE STATION, TX 25188712883",-1250.00,QUICKPAY_DEBIT,2011.07,,
DEBIT,06/18/2025,"Zelle payment to JAEYOUNG JPM99bcm5dlf",-500.00,CHASE_TO_PARTNERFI,3261.07,,
DEBIT,06/18/2025,"Zelle payment to SHANE LEE JPM99bckcm2j",-1500.00,CHASE_TO_PARTNERFI,3761.07,,
DEBIT,06/18/2025,"Zelle payment to SHANE LEE JPM99bckcrps",-500.00,CHASE_TO_PARTNERFI,5261.07,,
CREDIT,06/18/2025,"Zelle payment from TIN NGUYEN BACn2zpbydc6",2000.00,PARTNERFI_TO_CHASE,5761.07,,
DEBIT,06/13/2025,"Zelle payment to WEST 25121992300",-500.00,QUICKPAY_DEBIT,3761.07,,
DEBIT,06/13/2025,"ATM WITHDRAWAL                       009941  06/1312991 BEA",-1000.00,ATM,4261.07,,
CREDIT,06/13/2025,"FPT USA CORP     PAYROLL                    PPD ID: 1260302465",1877.20,ACH_CREDIT,5261.07,,
DEBIT,06/12/2025,"Zelle payment to KYLE 25109072588",-1000.00,QUICKPAY_DEBIT,3383.87,,
DEBIT,06/12/2025,"Zelle payment to KYLE 25109082353",-1000.00,QUICKPAY_DEBIT,4383.87,,
DEBIT,06/11/2025,"Zelle payment to Kk JPM99bbsdyz0",-285.00,CHASE_TO_PARTNERFI,5383.87,,
CREDIT,06/11/2025,"PAYPAL           TRANSFER                   PPD ID: PAYPALSD11",1500.00,MISC_CREDIT,5668.87,,
DEBIT,06/09/2025,"Zelle payment to KIET 25070360069",-20.00,QUICKPAY_DEBIT,4168.87,,
DEBIT,06/09/2025,"Payment to Chase card ending in 0687 06/09",-91.45,LOAN_PMT,4188.87,,
DEBIT,06/09/2025,"Zelle payment to MIGUEL JPM99bbhw6vi",-185.00,CHASE_TO_PARTNERFI,4280.32,,
DEBIT,06/09/2025,"Zelle payment to A Minh. Chi Mai JPM99bbflndf",-200.00,CHASE_TO_PARTNERFI,4465.32,,
DEBIT,06/09/2025,"Zelle payment to LOAN JPM99bbd3hkr",-280.00,CHASE_TO_PARTNERFI,4665.32,,
DEBIT,06/09/2025,"Zelle payment to REYNIR 25052490622",-100.00,QUICKPAY_DEBIT,4945.32,,
DEBIT,06/09/2025,"Zelle payment to LORI 25052264084",-270.00,QUICKPAY_DEBIT,5045.32,,
DEBIT,06/09/2025,"Zelle payment to WILLIS 25051604517",-510.00,QUICKPAY_DEBIT,5315.32,,
DEBIT,06/05/2025,"Payment to Chase card ending in 8045 06/05",-24.00,LOAN_PMT,5825.32,,
DEBIT,06/02/2025,"Zelle payment to A Polar Bear Entertainment Llc JPM99bam4mpw",-450.00,CHASE_TO_PARTNERFI,5849.32,,
DEBIT,06/02/2025,"Online Transfer to SAV ...6216 transaction#: 24969441699 06/02",-2000.00,ACCT_XFER,6299.32,,
DEBIT,06/02/2025,"CITI AUTOPAY     PAYMENT    291710659690042 WEB ID: CITICARDAP",-455.76,ACH_DEBIT,8299.32,,
DEBIT,05/30/2025,"Zelle payment to THOMAS JPM99ba7jzma",-700.00,CHASE_TO_PARTNERFI,8755.08,,
DEBIT,05/30/2025,"Zelle payment to Lng nht Huy 24937508046",-10.00,QUICKPAY_DEBIT,9455.08,,
CREDIT,05/30/2025,"FPT USA CORP     PAYROLL                    PPD ID: 1260302465",1877.18,ACH_CREDIT,9465.08,,
CREDIT,05/28/2025,"PAYPAL           TRANSFER                   PPD ID: PAYPALSD11",4998.00,MISC_CREDIT,7587.90,,
DEBIT,05/27/2025,"Payment to Chase card ending in 8045 05/27",-15.06,LOAN_PMT,2589.90,,
DEBIT,05/27/2025,"Zelle payment to PHUONG 24903756115",-2000.00,QUICKPAY_DEBIT,2604.96,,
DEBIT,05/27/2025,"Zelle payment to ALEX 24903278085",-1000.00,QUICKPAY_DEBIT,4604.96,,
DEBIT,05/27/2025,"Zelle payment to EIMON JPM99b9r2fqo",-620.00,CHASE_TO_PARTNERFI,5604.96,,
DEBIT,05/27/2025,"Zelle payment to JUSTIN JPM99b9n6l21",-20.00,CHASE_TO_PARTNERFI,6224.96,,
CREDIT,05/27/2025,"Online Transfer from SAV ...6216 transaction#: 24903737819",2000.46,ACCT_XFER,6244.96,,
DEBIT,05/23/2025,"PAYPAL           INST XFER  JHARTWELL       WEB ID: PAYPALSI77",-300.00,MISC_DEBIT,4244.50,,
DEBIT,05/21/2025,"Payment to Chase card ending in 8045 05/21",-193.04,LOAN_PMT,4544.50,,
DEBIT,05/19/2025,"Zelle payment to JUAN RAMOS 24806113240",-190.00,QUICKPAY_DEBIT,4737.54,,
DEBIT,05/16/2025,"Zelle payment to PAWARISORN JPM99b8m6l3z",-800.00,CHASE_TO_PARTNERFI,4927.54,,
CREDIT,05/16/2025,"PAYPAL           TRANSFER                   PPD ID: PAYPALSD11",1000.00,MISC_CREDIT,5727.54,,
CREDIT,05/15/2025,"FPT USA CORP     PAYROLL                    PPD ID: 1260302465",1877.19,ACH_CREDIT,4727.54,,
DEBIT,05/13/2025,"Payment to Chase card ending in 8045 05/13",-60.70,LOAN_PMT,2850.35,,
DEBIT,05/12/2025,"Zelle payment to WEST 24745764951",-1500.00,QUICKPAY_DEBIT,2911.05,,
DEBIT,05/12/2025,"Zelle payment to TSUU LLC 24724303401",-200.00,QUICKPAY_DEBIT,4411.05,,
DEBIT,05/09/2025,"TARGET DEBIT CRD ACH TRAN   000002291606144 POS ID: 6510215171",-27.97,ACH_DEBIT,4611.05,,
DEBIT,05/07/2025,"Payment to Chase card ending in 0687 05/07",-256.29,LOAN_PMT,4639.02,,
DEBIT,05/07/2025,"Payment to Chase card ending in 8045 05/07",-24.07,LOAN_PMT,4895.31,,
DEBIT,05/01/2025,"CITI AUTOPAY     PAYMENT    291684745150306 WEB ID: CITICARDAP",-526.84,ACH_DEBIT,4919.38,,
DEBIT,04/30/2025,"Zelle payment to KIET 24594108743",-8.33,QUICKPAY_DEBIT,5446.22,,
DEBIT,04/30/2025,"Payment to Chase card ending in 0687 04/30",-115.66,LOAN_PMT,5454.55,,
CREDIT,04/30/2025,"FPT USA CORP     PAYROLL                    PPD ID: 1260302465",2259.97,ACH_CREDIT,5570.21,,
DEBIT,04/29/2025,"Zelle payment to Gus JPM99b6ic6vg",-435.00,CHASE_TO_PARTNERFI,3310.24,,
DEBIT,04/28/2025,"Zelle payment to PHUONG 24562306530",-1500.00,QUICKPAY_DEBIT,3745.24,,
DEBIT,04/25/2025,"Payment to Chase card ending in 0687 04/25",-62.07,LOAN_PMT,5245.24,,
CREDIT,04/22/2025,"PAYPAL           TRANSFER                   PPD ID: PAYPALSD11",955.00,MISC_CREDIT,5307.31,,
DEBIT,04/21/2025,"Zelle payment to DAN WINN JPM99b5kg14h",-80.00,CHASE_TO_PARTNERFI,4352.31,,
DEBIT,04/21/2025,"Zelle payment to THI NGUYEN JPM99b5kbz9t",-140.00,CHASE_TO_PARTNERFI,4432.31,,
DEBIT,04/21/2025,"Zelle payment to Huy Tran JPM99b5hx1qi",-1360.00,CHASE_TO_PARTNERFI,4572.31,,
CREDIT,04/21/2025,"Zelle payment from Tin Nguyen COFWUE51VX48",1400.00,PARTNERFI_TO_CHASE,5932.31,,
DEBIT,04/18/2025,"Payment to Chase card ending in 8045 04/18",-10.05,LOAN_PMT,4532.31,,
DEBIT,04/18/2025,"Payment to Chase card ending in 0687 04/18",-189.12,LOAN_PMT,4542.36,,
DEBIT,04/16/2025,"Zelle payment to KEVIN LOPEZ JPM99b52yz59",-330.00,CHASE_TO_PARTNERFI,4731.48,,
DEBIT,04/16/2025,"Payment to Chase card ending in 8045 04/16",-313.91,LOAN_PMT,5061.48,,
CREDIT,04/15/2025,"FPT USA CORP     PAYROLL                    PPD ID: 4260302465",2259.99,ACH_CREDIT,5375.39,,
DEBIT,04/14/2025,"TapTap Send US 833-9160670 DE                04/13",-1501.00,DEBIT_CARD,3115.40,,
DEBIT,04/08/2025,"Online RealTime payment to Robinhood Securities transaction#: 5834615 REFERENCE#:7005834615RX 04/08",-1100.00,BILLPAY,4616.40,,
DEBIT,04/07/2025,"Zelle payment to RO CHEY POKEDECKS, LLC. 24314733038",-500.00,QUICKPAY_DEBIT,5716.40,,
DEBIT,04/07/2025,"Zelle payment to RO CHEY POKEDECKS, LLC. 24314683525",-700.00,QUICKPAY_DEBIT,6216.40,,
CREDIT,04/07/2025,"Zelle payment from Tin Nguyen COF9F3MSGUSD",1000.00,PARTNERFI_TO_CHASE,6916.40,,
DEBIT,04/04/2025,"Online RealTime payment to Robinhood Securities transaction#: 5745989 REFERENCE#:7005745989RX 04/04",-2000.00,BILLPAY,5916.40,,
DEBIT,04/03/2025,"Online RealTime payment to Robinhood Securities transaction#: 5712060 REFERENCE#:7005712060RX 04/03",-2000.00,BILLPAY,7916.40,,
DEBIT,04/01/2025,"CITI AUTOPAY     PAYMENT    291658834450133 WEB ID: CITICARDAP",-148.45,ACH_DEBIT,9916.40,,
CREDIT,04/01/2025,"Zelle payment from TIN NGUYEN BACmmhhm9vx8",982.68,PARTNERFI_TO_CHASE,10064.85,,
DEBIT,03/31/2025,"PAYPAL *Nguyen Tin Visa Direct CA            03/30",-25.00,DEBIT_CARD,9082.17,,
CREDIT,03/31/2025,"FPT USA CORP     PAYROLL                    PPD ID: 4260302465",2259.97,ACH_CREDIT,9107.17,,
DEBIT,03/27/2025,"Payment to Chase card ending in 8045 03/27",-46.96,LOAN_PMT,6847.20,,
CREDIT,03/27/2025,"PAYPAL           TRANSFER                   PPD ID: PAYPALSD11",2000.00,MISC_CREDIT,6894.16,,
DEBIT,03/26/2025,"Zelle payment to A Huynh.FUSA JPM99b2kegn5",-3000.00,CHASE_TO_PARTNERFI,4894.16,,
DEBIT,03/25/2025,"TapTap Send US 833-9160670 DE                03/24",-601.00,DEBIT_CARD,7894.16,,
DEBIT,03/24/2025,"Payment to Chase card ending in 0687 03/24",-137.32,LOAN_PMT,8495.16,,
DEBIT,03/21/2025,"Zelle payment to KIET 24126163604",-12.00,QUICKPAY_DEBIT,8632.48,,
DEBIT,03/19/2025,"Zelle payment to ADAM CISNEROS 24103928657",-150.00,QUICKPAY_DEBIT,8644.48,,
DEBIT,03/14/2025,"Zelle payment to KIET 24045990327",-20.00,QUICKPAY_DEBIT,8794.48,,
CREDIT,03/14/2025,"FPT USA CORP     PAYROLL                    PPD ID: 4260302465",2259.98,ACH_CREDIT,8814.48,,
CREDIT,03/14/2025,"PAYPAL           TRANSFER                   PPD ID: PAYPALSD11",3000.00,MISC_CREDIT,6554.50,,
DEBIT,03/13/2025,"Zelle payment to THI RU TO JPM99b15qerr",-1500.00,CHASE_TO_PARTNERFI,3554.50,,
CREDIT,03/13/2025,"Zelle payment from Tin Nguyen COFPF9Y9LSE4",2000.00,PARTNERFI_TO_CHASE,5054.50,,
DEBIT,03/11/2025,"ROBINHOOD SECURITIES ROBINHOOD.COM FL        03/10",-2000.00,DEBIT_CARD,3054.50,,
DEBIT,03/10/2025,"TARGET DEBIT CRD ACH TRAN   000689526120229 POS ID: 1410215170",-14.45,ACH_DEBIT,5054.50,,
DEBIT,03/10/2025,"Zelle payment to CO BA BUN BO LLC JPM99b0u0xvx",-99.86,CHASE_TO_PARTNERFI,5068.95,,
DEBIT,03/10/2025,"Zelle payment to DAN WINN JPM99b0tvdvq",-20.00,CHASE_TO_PARTNERFI,5168.81,,
DEBIT,03/10/2025,"Zelle payment to CALVIN CHOU 23998347948",-500.00,QUICKPAY_DEBIT,5188.81,,
DEBIT,03/10/2025,"Zelle payment to BRANDON 23997949123",-250.00,QUICKPAY_DEBIT,5688.81,,
DEBIT,03/10/2025,"Zelle payment to KYLE JPM99b0pxacs",-1100.00,CHASE_TO_PARTNERFI,5938.81,,
DEBIT,03/10/2025,"Zelle payment to KYLE JPM99b0pww8z",-100.00,CHASE_TO_PARTNERFI,7038.81,,
DEBIT,03/10/2025,"Zelle payment to PHAN NGUYEN JPM99b0o0cwh",-18.00,CHASE_TO_PARTNERFI,7138.81,,
DEBIT,03/06/2025,"Payment to Chase card ending in 0687 03/06",-951.21,LOAN_PMT,7156.81,,
DEBIT,03/06/2025,"Payment to Chase card ending in 8045 03/06",-127.56,LOAN_PMT,8108.02,,
DEBIT,03/05/2025,"Zelle payment to ALEXANDER JPM99b0an3dh",-100.00,CHASE_TO_PARTNERFI,8235.58,,
DEBIT,03/04/2025,"Zelle payment to KIET 23933603258",-17.17,QUICKPAY_DEBIT,8335.58,,
DEBIT,03/03/2025,"CITI AUTOPAY     PAYMENT    291632075290381 WEB ID: CITICARDAP",-199.45,ACH_DEBIT,8352.75,,
DEBIT,03/03/2025,"PAYPAL           INST XFER  SANCHEZ11DURAN  WEB ID: PAYPALSI77",-410.00,MISC_DEBIT,8552.20,,
CREDIT,02/28/2025,"FPT USA CORP     PAYROLL                    PPD ID: 4260302465",2259.96,ACH_CREDIT,8962.20,,
DEBIT,02/26/2025,"Zelle payment to Tin Nguyen JPM99azfcwp1",-2200.00,CHASE_TO_PARTNERFI,6702.24,,
DEBIT,02/24/2025,"Zelle payment to PAWARISORN JPM99az1mrpu",-280.00,CHASE_TO_PARTNERFI,8902.24,,
DEBIT,02/21/2025,"Payment to Chase card ending in 0687 02/21",-160.84,LOAN_PMT,9182.24,,
DEBIT,02/21/2025,"Zelle payment to Khanh JPM99ayw6c4h",-1000.00,CHASE_TO_PARTNERFI,9343.08,,
DEBIT,02/21/2025,"Zelle payment to Khanh JPM99ayw6akq",-400.00,CHASE_TO_PARTNERFI,10343.08,,
CREDIT,02/21/2025,"Zelle payment from TIN NGUYEN BACj1e3b635w",2222.90,PARTNERFI_TO_CHASE,10743.08,,
DEBIT,02/18/2025,"Payment to Chase card ending in 8045 02/18",-3033.45,LOAN_PMT,8520.18,,
DEBIT,02/18/2025,"TARGET DEBIT CRD ACH TRAN   000689526120229 POS ID: 1410215170",-14.82,ACH_DEBIT,11553.63,,
CREDIT,02/14/2025,"FPT USA CORP     PAYROLL                    PPD ID: 4260302465",2260.00,ACH_CREDIT,11568.45,,
DEBIT,02/10/2025,"Payment to Chase card ending in 8045 02/10",-501.59,LOAN_PMT,9308.45,,
DEBIT,02/03/2025,"CITI AUTOPAY     PAYMENT    291607878180101 WEB ID: CITICARDAP",-831.17,ACH_DEBIT,9810.04,,
CREDIT,01/31/2025,"FPT USA CORP     PAYROLL                    PPD ID: 4260302465",2259.97,ACH_CREDIT,10641.21,,
DEBIT,01/27/2025,"TARGET DEBIT CRD ACH TRAN   000689526120290 POS ID: 1410215170",-1.25,ACH_DEBIT,8381.24,,
DEBIT,01/23/2025,"Wise Inc         WISE       TrnWise         WEB ID: 9453233521",-130.21,MISC_DEBIT,8382.49,,
DEBIT,01/21/2025,"Payment to Chase card ending in 8045 01/21",-94.26,LOAN_PMT,8512.70,,
DEBIT,01/21/2025,"TARGET DEBIT CRD ACH TRAN   000689526120229 POS ID: 1410215170",-4.70,ACH_DEBIT,8606.96,,
DEBIT,01/21/2025,"Zelle payment to PAWARISORN JPM99avgg4pm",-200.00,CHASE_TO_PARTNERFI,8611.66,,
DEBIT,01/21/2025,"Zelle payment to Gia Huy Doan 23434817370",-2000.00,QUICKPAY_DEBIT,8811.66,,
DEBIT,01/21/2025,"WITHDRAWAL 01/21",-4000.00,MISC_DEBIT,10811.66,,
DEBIT,01/17/2025,"Zelle payment to Tin Nguyen JPM99av8c2em",-2000.00,CHASE_TO_PARTNERFI,14811.66,,
DEBIT,01/17/2025,"Zelle payment to Gia Huy Doan 23420728021",-1000.00,QUICKPAY_DEBIT,16811.66,,
DEBIT,01/17/2025,"Zelle payment to Gia Huy Doan 23420429000",-2000.00,QUICKPAY_DEBIT,17811.66,,
CREDIT,01/17/2025,"FPT USA CORP     PAYROLL                    PPD ID: 4260302465",13409.08,ACH_CREDIT,19811.66,,
DEBIT,01/15/2025,"Zelle payment to PAWARISORN JPM99auyns6a",-365.00,CHASE_TO_PARTNERFI,6402.58,,
CREDIT,01/15/2025,"FPT USA CORP     PAYROLL                    PPD ID: 4260302465",2259.98,ACH_CREDIT,6767.58,,
DEBIT,01/14/2025,"Zelle payment to Derek 23382222228",-350.00,QUICKPAY_DEBIT,4507.60,,
DEBIT,01/13/2025,"Payment to Chase card ending in 0687 01/13",-27.73,LOAN_PMT,4857.60,,
DEBIT,01/13/2025,"PAYPAL *Nguyen Tin Visa Direct CA            01/13",-193.70,DEBIT_CARD,4885.33,,
DEBIT,01/13/2025,"Zelle payment to NORMAN LAI 23359972718",-245.00,QUICKPAY_DEBIT,5079.03,,
DEBIT,01/13/2025,"Zelle payment to JASMINE AMBRIZ JPM99aumjbt5",-130.00,CHASE_TO_PARTNERFI,5324.03,,
DEBIT,01/13/2025,"Zelle payment to LEE 23356669781",-190.00,QUICKPAY_DEBIT,5454.03,,
DEBIT,01/13/2025,"Zelle payment to SEBASTIAN JPM99aulrs1h",-190.00,CHASE_TO_PARTNERFI,5644.03,,
DEBIT,01/13/2025,"Zelle payment to JASON JPM99aulqqgb",-130.00,CHASE_TO_PARTNERFI,5834.03,,
DEBIT,01/13/2025,"Zelle payment to WENHAN JI JPM99aulqff6",-305.00,CHASE_TO_PARTNERFI,5964.03,,
DEBIT,01/13/2025,"Zelle payment to JORDAN 23356449079",-150.00,QUICKPAY_DEBIT,6269.03,,
DEBIT,01/13/2025,"Zelle payment to CARLOS 23356342428",-260.00,QUICKPAY_DEBIT,6419.03,,
DEBIT,01/13/2025,"Zelle payment to AARON JPM99auljzae",-235.00,CHASE_TO_PARTNERFI,6679.03,,
DEBIT,01/13/2025,"Zelle payment to AUSTIN K JPM99auli0cc",-210.00,CHASE_TO_PARTNERFI,6914.03,,
DEBIT,01/13/2025,"Zelle payment to BENJAMIN HARRISON 23352037041",-10.00,QUICKPAY_DEBIT,7124.03,,
DEBIT,01/13/2025,"Zelle payment to BENJAMIN HARRISON 23352029153",-250.00,QUICKPAY_DEBIT,7134.03,,
DEBIT,01/07/2025,"Zelle payment to Reid Poke 23310529849",-535.00,QUICKPAY_DEBIT,7384.03,,
DEBIT,01/02/2025,"CITI AUTOPAY     PAYMENT    291581093920162 WEB ID: CITICARDAP",-262.42,ACH_DEBIT,7919.03,,
DEBIT,12/31/2024,"WITHDRAWAL 12/31",-1000.00,MISC_DEBIT,8181.45,,
DEBIT,12/31/2024,"Zelle payment to NANCY 23235448701",-323.37,QUICKPAY_DEBIT,9181.45,,
CREDIT,12/31/2024,"FPT USA CORP     PAYROLL                    PPD ID: 4260302465",2267.23,ACH_CREDIT,9504.82,,
DEBIT,12/30/2024,"Payment to Chase card ending in 8045 12/30",-413.09,LOAN_PMT,7237.59,,
DEBIT,12/30/2024,"Payment to Chase card ending in 6049 12/30",-244.89,LOAN_PMT,7650.68,,
DEBIT,12/30/2024,"Payment to Chase card ending in 0687 12/30",-35.22,LOAN_PMT,7895.57,,
DEBIT,12/27/2024,"Zelle payment to Alessandro Ginez JPM99atopipz",-50.00,CHASE_TO_PARTNERFI,7930.79,,
DEBIT,12/27/2024,"Zelle payment to PHUONG 23182701523",-2000.00,QUICKPAY_DEBIT,7980.79,,
DEBIT,12/26/2024,"TARGET DEBIT CRD ACH TRAN   000689526120228 WEB ID: 1410215170",-50.00,ACH_DEBIT,9980.79,,
DEBIT,12/26/2024,"TARGET DEBIT CRD ACH TRAN   000689526120229 WEB ID: 1410215170",-50.00,ACH_DEBIT,10030.79,,
DEBIT,12/26/2024,"Zelle payment to ERICK JPM99atl8727",-1070.00,CHASE_TO_PARTNERFI,10080.79,,
DEBIT,12/26/2024,"Zelle payment to GERARDO 23168835755",-200.00,QUICKPAY_DEBIT,11150.79,,
DEBIT,12/23/2024,"Zelle payment to STEPHEN 23154856002",-300.00,QUICKPAY_DEBIT,11350.79,,
DEBIT,12/23/2024,"TARGET DEBIT CRD ACH TRAN   000689526123991 WEB ID: TPPSTRIPE1",-61.93,ACH_DEBIT,11650.79,,
DEBIT,12/23/2024,"Zelle payment to BRYAN JPM99ate289p",-200.00,CHASE_TO_PARTNERFI,11712.72,,
DEBIT,12/23/2024,"Zelle payment to BRYAN JPM99ate2c12",-900.00,CHASE_TO_PARTNERFI,11912.72,,
DEBIT,12/23/2024,"Zelle payment to BRYAN JPM99ate24tn",-100.00,CHASE_TO_PARTNERFI,12812.72,,
DEBIT,12/23/2024,"Zelle payment to THI RU TO JPM99atdyomk",-500.00,CHASE_TO_PARTNERFI,12912.72,,
DEBIT,12/20/2024,"Zelle payment to Kiran JPM99ata2h78",-40.00,CHASE_TO_PARTNERFI,13412.72,,
DEBIT,12/20/2024,"Zelle payment to FRANK BENITEZ 23109950506",-100.00,QUICKPAY_DEBIT,13452.72,,
DEBIT,12/20/2024,"Zelle payment to MAXWELL SHEKOFF 23109915782",-820.00,QUICKPAY_DEBIT,13552.72,,
DEBIT,12/20/2024,"Zelle payment to Ruben Guzman JPM99at8t3kh",-170.00,CHASE_TO_PARTNERFI,14372.72,,
DEBIT,12/19/2024,"TARGET DEBIT CRD ACH TRAN   000689526120229 POS ID: 1410215170",-15.05,ACH_DEBIT,14542.72,,
DEBIT,12/16/2024,"TARGET DEBIT CRD ACH TRAN   000689526120229 POS ID: 1410215170",-3.41,ACH_DEBIT,14557.77,,
DEBIT,12/16/2024,"Zelle payment to NANCY 23062896317",-169.95,QUICKPAY_DEBIT,14561.18,,
CREDIT,12/13/2024,"FPT USA CORP     PAYROLL                    PPD ID: 4260302465",2267.23,ACH_CREDIT,14731.13,,
DEBIT,12/09/2024,"Online Transfer to SAV ...6216 transaction#: 22986252501 12/09",-4998.67,ACCT_XFER,12463.90,,
DEBIT,12/09/2024,"Zelle payment to PHUONG 22980255446",-1.00,QUICKPAY_DEBIT,17462.57,,
DEBIT,12/05/2024,"TARGET DEBIT CRD ACH TRAN   000689526120229 POS ID: 1410215170",-22.91,ACH_DEBIT,17463.57,,
DEBIT,12/05/2024,"APPLE CASH SENT MONE 1INFINITELOOP CA        12/04",-25.00,DEBIT_CARD,17486.48,,
DEBIT,12/03/2024,"PAYPAL *Nguyen Tin Visa Direct CA            12/03",-400.00,DEBIT_CARD,17511.48,,
DEBIT,12/02/2024,"CITI AUTOPAY     PAYMENT    291553446060476 WEB ID: CITICARDAP",-439.04,ACH_DEBIT,17911.48,,
DEBIT,11/29/2024,"Payment to Chase card ending in 0687 11/29",-64.38,LOAN_PMT,18350.52,,
CREDIT,11/27/2024,"FPT USA CORP     PAYROLL                    PPD ID: 4260302465",2267.21,ACH_CREDIT,18414.90,,
DEBIT,11/22/2024,"Payment to Chase card ending in 0687 11/22",-95.41,LOAN_PMT,16147.69,,
DEBIT,11/22/2024,"Payment to Chase card ending in 8045 11/22",-917.43,LOAN_PMT,16243.10,,
DEBIT,11/21/2024,"Zelle payment to Gia Huy Doan 22794493551",-16.20,QUICKPAY_DEBIT,17160.53,,
DEBIT,11/19/2024,"Zelle payment to PHUONG 22765484105",-1600.00,QUICKPAY_DEBIT,17176.73,,
CREDIT,11/15/2024,"FPT USA CORP     PAYROLL                    PPD ID: 4260302465",2267.24,ACH_CREDIT,18776.73,,
DEBIT,11/12/2024,"TARGET DEBIT CRD ACH TRAN   000689526120229 POS ID: 1410215170",-48.40,ACH_DEBIT,16509.49,,
DEBIT,11/04/2024,"TARGET DEBIT CRD ACH TRAN   000689526120229 POS ID: 1410215170",-129.00,ACH_DEBIT,16557.89,,
DEBIT,11/04/2024,"Zelle payment to JANUS JPM99aqj9pkw",-1000.00,CHASE_TO_PARTNERFI,16686.89,,
DEBIT,11/04/2024,"Zelle payment to JANUS JPM99aqj9ihf",-350.00,CHASE_TO_PARTNERFI,17686.89,,
DEBIT,11/04/2024,"Payment to Chase card ending in 8045 11/04",-47.04,LOAN_PMT,18036.89,,
DEBIT,11/01/2024,"CITI AUTOPAY     PAYMENT    291528367010181 WEB ID: CITICARDAP",-392.46,ACH_DEBIT,18083.93,,
DEBIT,10/31/2024,"Zelle payment to KEVIN JPM99aqapxnc",-90.00,CHASE_TO_PARTNERFI,18476.39,,
CREDIT,10/31/2024,"FPT USA CORP     PAYROLL                    PPD ID: 4260302465",2267.22,ACH_CREDIT,18566.39,,
DEBIT,10/28/2024,"Payment to Chase card ending in 8045 10/28",-2121.83,LOAN_PMT,16299.17,,
DEBIT,10/28/2024,"Zelle payment to PHUONG 22516605096",-2000.00,QUICKPAY_DEBIT,18421.00,,
DEBIT,10/23/2024,"Payment to Chase card ending in 0687 10/23",-161.68,LOAN_PMT,20421.00,,
DEBIT,10/18/2024,"Payment to Chase card ending in 0687 10/18",-130.53,LOAN_PMT,20582.68,,
DEBIT,10/17/2024,"Zelle payment to TRI QUANG TRAN JPM99apipqve",-220.00,CHASE_TO_PARTNERFI,20713.21,,
CREDIT,10/15/2024,"FPT USA CORP     PAYROLL                    PPD ID: 4260302465",3637.38,ACH_CREDIT,20933.21,,
DEBIT,10/08/2024,"TARGET DEBIT CRD ACH TRAN   000689526120229 POS ID: 1410215170",-10.81,ACH_DEBIT,17295.83,,
DEBIT,10/03/2024,"TARGET DEBIT CRD ACH TRAN   000689526120229 POS ID: 1410215170",-122.79,ACH_DEBIT,17306.64,,
DEBIT,10/01/2024,"CITI AUTOPAY     PAYMENT    291501580690134 WEB ID: CITICARDAP",-232.17,ACH_DEBIT,17429.43,,
DEBIT,09/30/2024,"TARGET DEBIT CRD ACH TRAN   000689526120229 POS ID: 1410215170",-4.27,ACH_DEBIT,17661.60,,
DEBIT,09/30/2024,"TARGET DEBIT CRD ACH TRAN   000689526120189 WEB ID: 1410215170",-18.01,ACH_DEBIT,17665.87,,
DEBIT,09/30/2024,"Zelle payment to PHUONG 22207545181",-2000.00,QUICKPAY_DEBIT,17683.88,,
DEBIT,09/30/2024,"TARGET DEBIT CRD ACH TRAN   000689526120229 POS ID: 1410215170",-51.48,ACH_DEBIT,19683.88,,
CREDIT,09/30/2024,"TARGET DEBIT CRD ACH TRAN                   PPD ID: 1410215170",0.10,ACH_CREDIT,19735.36,,
CREDIT,09/30/2024,"FPT USA CORP     PAYROLL                    PPD ID: 4260302465",2267.22,ACH_CREDIT,19735.26,,
DEBIT,09/24/2024,"Payment to Chase card ending in 8045 09/24",-181.23,LOAN_PMT,17468.04,,
DEBIT,09/24/2024,"Payment to Chase card ending in 0687 09/24",-63.24,LOAN_PMT,17649.27,,
DEBIT,09/19/2024,"Zelle payment to TRI QUANG TRAN JPM99any8lea",-160.00,CHASE_TO_PARTNERFI,17712.51,,
DEBIT,09/19/2024,"TARGET DEBIT CRD ACH TRAN   000689526120229 POS ID: 1410215170",-83.67,ACH_DEBIT,17872.51,,
CREDIT,09/13/2024,"FPT USA CORP     PAYROLL                    PPD ID: 4260302465",2267.22,ACH_CREDIT,17956.18,,
DEBIT,09/09/2024,"Payment to Chase card ending in 8045 09/09",-75.73,LOAN_PMT,15688.96,,
DEBIT,09/09/2024,"Payment to Chase card ending in 0687 09/09",-44.91,LOAN_PMT,15764.69,,
CREDIT,09/09/2024,"Zelle payment from PAWARISORN BOONYUBOL TDP0IPO0LMP7",1000.00,PARTNERFI_TO_CHASE,15809.60,,
DEBIT,09/03/2024,"CITI AUTOPAY     PAYMENT    081474866791884 WEB ID: CITICARDAP",-62.82,ACH_DEBIT,14809.60,,
CREDIT,08/30/2024,"FPT USA CORP     PAYROLL                    PPD ID: 4260302465",2267.24,ACH_CREDIT,14872.42,,
CREDIT,08/27/2024,"Zelle payment from PAWARISORN BOONYUBOL TDP0IPCR4Q7Y",1000.00,PARTNERFI_TO_CHASE,12605.18,,
DEBIT,08/22/2024,"Zelle payment to Donnie  Southfloridapkm CALLER 21812659003",-1676.00,QUICKPAY_DEBIT,11605.18,,
DEBIT,08/19/2024,"Payment to Chase card ending in 0687 08/19",-75.49,LOAN_PMT,13281.18,,
DEBIT,08/19/2024,"Payment to Chase card ending in 8045 08/19",-68.81,LOAN_PMT,13356.67,,
DEBIT,08/19/2024,"TARGET DEBIT CRD ACH TRAN   000689526120229 POS ID: 1410215170",-19.21,ACH_DEBIT,13425.48,,
DEBIT,08/19/2024,"APPLE CASH SENT MONE 1INFINITELOOP CA        08/17",-289.91,DEBIT_CARD,13444.69,,
CREDIT,08/15/2024,"FPT USA CORP     PAYROLL                    PPD ID: 4260302465",2267.21,ACH_CREDIT,13734.60,,
DEBIT,08/14/2024,"XOOM             DEBIT OID  29649593        WEB ID: 1770510487",-2212.99,MISC_DEBIT,11467.39,,
DEBIT,08/14/2024,"TARGET DEBIT CRD ACH TRAN   000689526123991 WEB ID: TPPSTRIPE1",-47.51,ACH_DEBIT,13680.38,,
DEBIT,08/09/2024,"TARGET DEBIT CRD ACH TRAN   000689526120229 POS ID: 1410215170",-20.09,ACH_DEBIT,13727.89,,
DEBIT,08/08/2024,"Payment to Chase card ending in 8045 08/08",-95.00,LOAN_PMT,13747.98,,
DEBIT,08/07/2024,"Online RealTime payment to Robinhood Securities transaction#: 2336887 REFERENCE#:7002336887RX 08/07",-550.00,BILLPAY,13842.98,,
DEBIT,08/07/2024,"Online RealTime payment to Robinhood Securities transaction#: 2327219 REFERENCE#:7002327219RX 08/07",-150.00,BILLPAY,14392.98,,
DEBIT,08/05/2024,"TARGET DEBIT CRD ACH TRAN   000689526120229 POS ID: 1410215170",-4.93,ACH_DEBIT,14542.98,,
DEBIT,08/05/2024,"CITI CARD ONLINE PAYMENT    421450586278387 WEB ID: CITICTP",-414.50,ACH_DEBIT,14547.91,,
DEBIT,08/05/2024,"Zelle payment to JONATHAN CHAO JPM99alfr3pp",-220.00,CHASE_TO_PARTNERFI,14962.41,,
DEBIT,08/02/2024,"Zelle payment to PAWARISORN JPM99alblcgb",-175.00,CHASE_TO_PARTNERFI,15182.41,,
DEBIT,08/02/2024,"CITI AUTOPAY     PAYMENT    081449810880392 WEB ID: CITICARDAP",-176.26,ACH_DEBIT,15357.41,,
DSLIP,08/02/2024,"REMOTE ONLINE DEPOSIT #          1",573.99,CHECK_DEPOSIT,15533.67,1,
DEBIT,08/01/2024,"Online RealTime payment to Robinhood Securities transaction#: 2237393 REFERENCE#:7002237393RX 08/01",-2000.00,BILLPAY,14959.68,,
DEBIT,07/31/2024,"Payment to Chase card ending in 8045 07/31",-349.54,LOAN_PMT,16959.68,,
CREDIT,07/31/2024,"FPT USA CORP     PAYROLL                    PPD ID: 4260302465",2212.85,ACH_CREDIT,17309.22,,
DEBIT,07/29/2024,"Online RealTime payment to Robinhood Securities transaction#: 2192768 REFERENCE#:7002192768RX 07/29",-1000.00,BILLPAY,15096.37,,
DEBIT,07/29/2024,"TARGET DEBIT CRD ACH TRAN   000689526120229 POS ID: 1410215170",-19.34,ACH_DEBIT,16096.37,,
DEBIT,07/29/2024,"Zelle payment to PHUONG 21547069850",-1500.00,QUICKPAY_DEBIT,16115.71,,
DEBIT,07/23/2024,"Payment to Chase card ending in 0687 07/23",-190.96,LOAN_PMT,17615.71,,
DEBIT,07/22/2024,"Payment to Chase card ending in 8045 07/22",-322.14,LOAN_PMT,17806.67,,
DEBIT,07/18/2024,"TARGET DEBIT CRD ACH TRAN   000689526120229 POS ID: 1410215170",-18.74,ACH_DEBIT,18128.81,,
CREDIT,07/18/2024,"Zelle payment from JAEYOUNG KIM BACkqxl7mmeq",78.00,PARTNERFI_TO_CHASE,18147.55,,
CREDIT,07/17/2024,"Zelle payment from TIN NGUYEN BACk231v7gsq",500.00,PARTNERFI_TO_CHASE,18069.55,,
DEBIT,07/15/2024,"Online RealTime payment to Robinhood Securities transaction#: 2063465 REFERENCE#:7002063465RX 07/15",-1000.00,BILLPAY,17569.55,,
DEBIT,07/15/2024,"Payment to Chase card ending in 8045 07/15",-687.30,LOAN_PMT,18569.55,,
DEBIT,07/15/2024,"Payment to Chase card ending in 0687 07/15",-41.76,LOAN_PMT,19256.85,,
DEBIT,07/15/2024,"Zelle payment to REYNIR 21399746962",-121.00,QUICKPAY_DEBIT,19298.61,,
DEBIT,07/15/2024,"Zelle payment to JASON JPM99ak9s17a",-95.00,CHASE_TO_PARTNERFI,19419.61,,
DEBIT,07/15/2024,"Zelle payment to SOO YOUNG JPM99ak9fy5z",-130.00,CHASE_TO_PARTNERFI,19514.61,,
CREDIT,07/15/2024,"Zelle payment from JAEYOUNG KIM BACqhi1uhee6",400.00,PARTNERFI_TO_CHASE,19644.61,,
CREDIT,07/15/2024,"FPT USA CORP     PAYROLL                    PPD ID: 4260302465",2212.83,ACH_CREDIT,19244.61,,
DEBIT,07/11/2024,"VENMO* Tin Visa Direct NY                    07/11",-100.00,DEBIT_CARD,17031.78,,
DEBIT,07/10/2024,"Payment to Chase card ending in 8045 07/10",-1000.00,LOAN_PMT,17131.78,,
DEBIT,07/08/2024,"Payment to Chase card ending in 8045 07/08",-154.53,LOAN_PMT,18131.78,,
DEBIT,07/08/2024,"Payment to Chase card ending in 0687 07/08",-107.15,LOAN_PMT,18286.31,,
CREDIT,07/08/2024,"PAYPAL           TRANSFER                   PPD ID: PAYPALSD11",1503.79,MISC_CREDIT,18393.46,,
DEBIT,07/02/2024,"CITI AUTOPAY     PAYMENT    081423026772329 WEB ID: CITICARDAP",-818.64,ACH_DEBIT,16889.67,,
DEBIT,07/01/2024,"Zelle payment to PHUONG 21260989295",-1500.00,QUICKPAY_DEBIT,17708.31,,
CREDIT,07/01/2024,"Zelle payment from SANTIAGO D TERRAZAS 21259772004",100.00,QUICKPAY_CREDIT,19208.31,,
CREDIT,07/01/2024,"Zelle payment from TIN NGUYEN BACjv2ffjuov",957.14,PARTNERFI_TO_CHASE,19108.31,,
CREDIT,07/01/2024,"Zelle payment from SANTIAGO D TERRAZAS 21259772774",1000.00,QUICKPAY_CREDIT,18151.17,,
DEBIT,06/28/2024,"TARGET DEBIT CRD ACH TRAN   000689526120229 POS ID: 1410215170",-13.09,ACH_DEBIT,17151.17,,
CREDIT,06/28/2024,"FPT USA CORP     PAYROLL                    PPD ID: 4260302465",2212.85,ACH_CREDIT,17164.26,,
DEBIT,06/27/2024,"RMTLY* Q3E81 WWW.REMITLY.C WA                06/27",-1600.00,DEBIT_CARD,14951.41,,
CREDIT,06/25/2024,"Zelle payment from TIN NGUYEN BACm0sv8uy6c",1000.00,PARTNERFI_TO_CHASE,16551.41,,
CREDIT,06/25/2024,"PAYPAL           TRANSFER                   PPD ID: PAYPALSD11",1500.00,MISC_CREDIT,15551.41,,
DEBIT,06/24/2024,"Zelle payment to PAWARISORN JPM99aj8hfvn",-150.00,CHASE_TO_PARTNERFI,14051.41,,
DEBIT,06/24/2024,"Payment to Chase card ending in 8045 06/24",-227.73,LOAN_PMT,14201.41,,
DEBIT,06/20/2024,"Zelle payment to PAWARISORN JPM99aiz6arv",-200.00,CHASE_TO_PARTNERFI,14429.14,,
DEBIT,06/17/2024,"REMITLY INC      REMITTANCE K9SEUYH8QP97E5N WEB ID: 1452441988",-4000.00,ACH_DEBIT,14629.14,,
DEBIT,06/14/2024,"WESTERN UNION       CAPTURE 416682999780258 WEB ID: 9222993574",-2503.99,MISC_DEBIT,18629.14,,
CREDIT,06/14/2024,"FPT USA CORP     PAYROLL                    PPD ID: 4260302465",2212.83,ACH_CREDIT,21133.13,,
CREDIT,06/14/2024,"PAYPAL           TRANSFER                   PPD ID: PAYPALSD11",5000.00,MISC_CREDIT,18920.30,,
DEBIT,06/12/2024,"TARGET DEBIT CRD ACH TRAN   000689526120229 POS ID: 1410215170",-21.89,ACH_DEBIT,13920.30,,
DEBIT,06/12/2024,"Payment to Chase card ending in 8045 06/12",-703.13,LOAN_PMT,13942.19,,
