"Date","Time","TimeZone","Name","Type","Status","Currency","Amount","Fees","Total","Exchange Rate","Receipt ID","Balance","Transaction ID","Item Title"
"01/01/2026","13:40:28","PST","Tom Seyfried","Mobile Payment","Completed","USD","-506.00","0.00","-506.00","","","708.65","91E20343JX8119106","English Team Rocket's Mewtwo ex 231/182 SIR"
"01/01/2026","13:40:28","PST","","General Card Deposit","Completed","USD","506.00","0.00","506.00","","","1,214.65","8NK467511L911333B",""
"01/02/2026","12:39:22","PST","Pirate Ship LLC","PreApproved Payment Bill User Payment","Completed","USD","-277.62","0.00","-277.62","","","937.03","0SW56255R3818292B",""
"01/02/2026","12:39:22","PST","","General Card Deposit","Completed","USD","277.62","0.00","277.62","","","1,214.65","1X218703T23730437",""
"01/02/2026","18:49:03","PST","Pirate Ship LLC","PreApproved Payment Bill User Payment","Completed","USD","-14.62","0.00","-14.62","","","1,200.03","28B52755958428104",""
"01/02/2026","18:49:03","PST","","General Card Deposit","Completed","USD","14.62","0.00","14.62","","","1,214.65","3NW5647229608024T",""
"01/02/2026","18:50:11","PST","Pirate Ship LLC","PreApproved Payment Bill User Payment","Completed","USD","-14.62","0.00","-14.62","","","1,200.03","3X565651WX877640M",""
"01/02/2026","18:50:11","PST","","General Card Deposit","Completed","USD","14.62","0.00","14.62","","","1,214.65","97K81845NU890384R",""
"01/03/2026","13:42:50","PST","Jesse Bender","Mobile Payment","Completed","USD","-370.00","0.00","-370.00","","","844.65","1L380734PU572113P",""
"01/03/2026","15:20:35","PST","Hardianto Sudarga","Mobile Payment","Completed","USD","300.00","0.00","300.00","","","1,144.65","0EY28248B0132082B","Zion shipping"
"01/04/2026","13:25:31","PST","Pirate Ship LLC","PreApproved Payment Bill User Payment","Completed","USD","-45.36","0.00","-45.36","","","1,099.29","6XD71098R5860092G",""
"01/04/2026","13:25:31","PST","","General Card Deposit","Completed","USD","45.36","0.00","45.36","","","1,144.65","0EV03212LA9842509",""
"01/04/2026","20:49:13","PST","Pirate Ship LLC","PreApproved Payment Bill User Payment","Completed","USD","-6.85","0.00","-6.85","","","1,137.80","74U07273L7255104D",""
"01/04/2026","20:49:13","PST","","General Card Deposit","Completed","USD","6.85","0.00","6.85","","","1,144.65","7JK269565F285662K",""
"01/05/2026","15:57:01","PST","Aryaman Jaswal","Mobile Payment","Completed","USD","-470.00","0.00","-470.00","","","674.65","2FT30366G30770245",""
"01/07/2026","02:22:01","PST","tenso 株式会社 (tenso,inc.)","Express Checkout Payment","Completed","USD","-876.36","0.00","-876.36","","","-201.71","877178897P0635022",""
"01/07/2026","02:22:01","PST","","General Card Deposit","Completed","USD","876.36","0.00","876.36","","","674.65","9WV33517L3619320Y",""
"01/07/2026","18:11:35","PST","tenso 株式会社 (tenso,inc.)","Express Checkout Payment","Completed","USD","-380.56","0.00","-380.56","","","294.09","4RP177369X1130044",""
"01/07/2026","18:11:35","PST","","General Card Deposit","Completed","USD","380.56","0.00","380.56","","","674.65","0A966692XY360192E",""
"01/08/2026","21:57:15","PST","eBay Commerce Inc.","PreApproved Payment Bill User Payment","Completed","USD","-124.33","0.00","-124.33","","","550.32","2D106045EN171852A","Order Number : 02-14087-88514"
"01/08/2026","21:57:15","PST","","General Card Deposit","Completed","USD","124.33","0.00","124.33","","","674.65","53C73751J41093250",""
"01/10/2026","06:46:39","PST","Probstein123","General Payment","Completed","USD","15,293.06","0.00","15,293.06","","","15,967.71","5SD01040M19665126",""
"01/10/2026","07:16:10","PST","Anusarn Sangnimnuan","Mobile Payment","Completed","USD","-6,480.00","0.00","-6,480.00","","","9,487.71","73M41277NA038454H",""
"01/10/2026","11:14:54","PST","Pirate Ship LLC","PreApproved Payment Bill User Payment","Completed","USD","-28.68","0.00","-28.68","","","9,459.03","9AE665463B968384K",""
"01/10/2026","11:14:54","PST","","General Card Deposit","Completed","USD","28.68","0.00","28.68","","","9,487.71","6T484671GV258262V",""
"01/11/2026","08:58:46","PST","Pirate Ship LLC","PreApproved Payment Bill User Payment","Completed","USD","-14.02","0.00","-14.02","","","9,473.69","791750766V529891K",""
"01/11/2026","08:58:46","PST","","General Card Deposit","Completed","USD","14.02","0.00","14.02","","","9,487.71","1877294613476125G",""
"01/11/2026","16:22:11","PST","eBay Commerce Inc.","PreApproved Payment Bill User Payment","Completed","USD","-624.43","0.00","-624.43","","","8,863.28","4EX55113W83207914","Order Number : 04-14096-43756"
"01/11/2026","16:22:11","PST","","General Card Deposit","Completed","USD","624.43","0.00","624.43","","","9,487.71","2TH866565F3219937",""
"01/11/2026","18:44:10","PST","Pirate Ship LLC","PreApproved Payment Bill User Payment","Completed","USD","-47.68","0.00","-47.68","","","9,440.03","88K8823125457742D",""
"01/11/2026","18:44:10","PST","","General Card Deposit","Completed","USD","47.68","0.00","47.68","","","9,487.71","4W739966DE547714X",""
"01/12/2026","09:02:07","PST","Pirate Ship LLC","PreApproved Payment Bill User Payment","Completed","USD","-6.79","0.00","-6.79","","","9,480.92","08W899784U0447311",""
"01/12/2026","09:02:07","PST","","General Card Deposit","Completed","USD","6.79","0.00","6.79","","","9,487.71","6YC325089P422302T",""
"01/13/2026","13:30:21","PST","Adam Wei","Mobile Payment","Completed","USD","-2,000.00","0.00","-2,000.00","","","7,487.71","4KK45585U2828661N",""
"01/14/2026","13:40:41","PST","Pirate Ship LLC","PreApproved Payment Bill User Payment","Completed","USD","-4.30","0.00","-4.30","","","7,483.41","9SM21950L0511400S",""
"01/14/2026","13:40:41","PST","","General Card Deposit","Completed","USD","4.30","0.00","4.30","","","7,487.71","0WW08349BD217692Y",""
"01/15/2026","06:17:04","PST","Probstein123","General Payment","Completed","USD","6,000.00","0.00","6,000.00","","","13,487.71","9V715446W9974151A",""
"01/15/2026","10:24:43","PST","Probstein123","General Payment","Completed","USD","3,000.00","0.00","3,000.00","","","16,487.71","2WB2749860257970F",""
"01/15/2026","21:48:31","PST","PayPal Inc.","Electronic Funds Transfer Funding","Completed","USD","-3,664.99","0.00","-3,664.99","","","12,822.72","4GU290577H645853Y",""
"01/15/2026","22:59:44","PST","Thao Nguyen","Mobile Payment","Completed","USD","-9,000.00","0.00","-9,000.00","","","3,822.72","7CS85331CN318061X",""
"01/16/2026","05:50:04","PST","Probstein123","General Payment","Completed","USD","3,182.50","0.00","3,182.50","","","7,005.22","21X23337BF8695949",""
"01/17/2026","05:31:30","PST","Probstein123","General Payment","Completed","USD","5,795.00","0.00","5,795.00","","","12,800.22","5JM107768B336171R",""
"01/17/2026","09:45:03","PST","gustavo martin","Mobile Payment","Completed","USD","-240.00","0.00","-240.00","","","12,560.22","3XJ55556DK598215V",""
"01/17/2026","17:14:10","PST","Pirate Ship LLC","PreApproved Payment Bill User Payment","Completed","USD","-42.61","0.00","-42.61","","","12,517.61","4GK30624K0194634X",""
"01/17/2026","17:14:10","PST","","General Card Deposit","Completed","USD","42.61","0.00","42.61","","","12,560.22","85000560PL987343L",""
"01/17/2026","17:15:10","PST","Pirate Ship LLC","PreApproved Payment Bill User Payment","Completed","USD","-42.61","0.00","-42.61","","","12,517.61","18A48624NT219623K",""
"01/17/2026","17:15:10","PST","","General Card Deposit","Completed","USD","42.61","0.00","42.61","","","12,560.22","0UA160696S803131C",""
"01/19/2026","23:09:24","PST","Pirate Ship LLC","PreApproved Payment Bill User Payment","Completed","USD","-61.00","0.00","-61.00","","","12,499.22","8SR614120F607740Y",""
"01/19/2026","23:09:24","PST","","General Card Deposit","Completed","USD","61.00","0.00","61.00","","","12,560.22","4HH02571YD038182V",""
"01/20/2026","10:20:50","PST","tenso 株式会社 (tenso,inc.)","Express Checkout Payment","Completed","USD","-662.68","0.00","-662.68","","","11,897.54","29M91633JA607321R",""
"01/20/2026","10:20:50","PST","","General Card Deposit","Completed","USD","662.68","0.00","662.68","","","12,560.22","174304005J4450158",""
"01/20/2026","18:40:07","PST","tenso 株式会社 (tenso,inc.)","Express Checkout Payment","Completed","USD","-632.80","0.00","-632.80","","","11,927.42","0KC36319AS265654H",""
"01/20/2026","18:40:07","PST","","General Card Deposit","Completed","USD","632.80","0.00","632.80","","","12,560.22","1XN93993VL863233F",""
"01/20/2026","21:28:30","PST","John Brand","Mobile Payment","Completed","USD","-639.00","0.00","-639.00","","","11,921.22","47C31224BR729641D","Mega Charizard Ex SIR - Nearmint/mint"
"01/20/2026","21:55:11","PST","PayPal Inc.","Electronic Funds Transfer Funding","Completed","USD","-4,550.00","0.00","-4,550.00","","","7,371.22","03N80132K6531242L",""
"01/21/2026","01:25:28","PST","tenso 株式会社 (tenso,inc.)","Express Checkout Payment","Completed","USD","-632.80","0.00","-632.80","","","6,738.42","9G766687WL626393K",""
"01/21/2026","01:25:28","PST","","General Card Deposit","Completed","USD","632.80","0.00","632.80","","","7,371.22","2R862164CU0695249",""
"01/21/2026","05:31:30","PST","Probstein123","General Payment","Completed","USD","715.80","0.00","715.80","","","8,087.02","44943910JP271484M",""
"01/21/2026","09:31:45","PST","tenso 株式会社 (tenso,inc.)","Express Checkout Payment","Completed","USD","-669.32","0.00","-669.32","","","7,417.70","72N42394PV906382G",""
"01/21/2026","09:31:45","PST","","General Card Deposit","Completed","USD","669.32","0.00","669.32","","","8,087.02","71Y3826458394673R",""
"01/21/2026","10:28:32","PST","株式会社SODA","PreApproved Payment Bill User Payment","Completed","USD","-434.17","0.00","-434.17","","","7,652.85","6GC61314RF118133Y",""
"01/21/2026","11:13:31","PST","tenso 株式会社 (tenso,inc.)","Express Checkout Payment","Completed","USD","-961.48","0.00","-961.48","","","6,691.37","6XU36414X9325231E",""
"01/21/2026","11:13:31","PST","","General Card Deposit","Completed","USD","961.48","0.00","961.48","","","7,652.85","34L60582T9420915H",""
"01/21/2026","14:02:44","PST","Pirate Ship LLC","PreApproved Payment Bill User Payment","Completed","USD","-6.79","0.00","-6.79","","","7,646.06","34895669N2575492F",""
"01/21/2026","14:02:44","PST","","General Card Deposit","Completed","USD","6.79","0.00","6.79","","","7,652.85","9T271492J5133790D",""
"01/22/2026","10:53:54","PST","tenso 株式会社 (tenso,inc.)","PreApproved Payment Bill User Payment","Completed","USD","-42.34","0.00","-42.34","","","7,610.51","94D38502RK061844U",""
"01/22/2026","10:53:54","PST","","General Card Deposit","Completed","USD","42.34","0.00","42.34","","","7,652.85","3GA15062N5869462C",""
"01/22/2026","12:33:55","PST","eBay Commerce Inc.","PreApproved Payment Bill User Payment","Completed","USD","-3,686.00","0.00","-3,686.00","","","3,966.85","1U5396652A771421V","Order Number : 25-14115-07330"
"01/22/2026","12:33:55","PST","","General Card Deposit","Completed","USD","3,686.00","0.00","3,686.00","","","7,652.85","8MA67383SX744762R",""
"01/22/2026","19:18:03","PST","tenso 株式会社 (tenso,inc.)","Express Checkout Payment","Completed","USD","-469.41","0.00","-469.41","","","7,183.44","5TS16689XK489882P",""
"01/22/2026","19:18:03","PST","","General Card Deposit","Completed","USD","469.41","0.00","469.41","","","7,652.85","024704417D627932L",""
"01/22/2026","21:51:05","PST","tenso 株式会社 (tenso,inc.)","Express Checkout Payment","Completed","USD","-416.08","0.00","-416.08","","","7,236.77","5GF38837MW5947216",""
"01/22/2026","21:51:05","PST","","General Card Deposit","Completed","USD","416.08","0.00","416.08","","","7,652.85","6EM45594T24453909",""
"01/23/2026","09:09:13","PST","tenso 株式会社 (tenso,inc.)","Express Checkout Payment","Completed","USD","-630.53","0.00","-630.53","","","7,022.32","01K942215C6589240",""
"01/23/2026","09:09:13","PST","","General Card Deposit","Completed","USD","630.53","0.00","630.53","","","7,652.85","9BN05969KH8293834",""
"01/23/2026","09:11:04","PST","tenso 株式会社 (tenso,inc.)","Express Checkout Payment","Completed","USD","-427.33","0.00","-427.33","","","7,225.52","1VA44808ST567304W",""
"01/23/2026","09:11:04","PST","","General Card Deposit","Completed","USD","427.33","0.00","427.33","","","7,652.85","0DM93798BY891320X",""
"01/23/2026","10:09:02","PST","tenso 株式会社 (tenso,inc.)","Express Checkout Payment","Completed","USD","-368.25","0.00","-368.25","","","7,284.60","7B526894JK084823W",""
"01/23/2026","10:09:02","PST","","General Card Deposit","Completed","USD","368.25","0.00","368.25","","","7,652.85","62W06717HV723304D",""
"01/24/2026","07:45:02","PST","Anusarn Sangnimnuan","Mobile Payment","Completed","USD","-2,850.00","0.00","-2,850.00","","","4,802.85","2JD16099VV9823601",""
"01/24/2026","08:25:00","PST","tenso 株式会社 (tenso,inc.)","Express Checkout Payment","Completed","USD","-547.97","0.00","-547.97","","","4,254.88","2TN563401D3541820",""
"01/24/2026","08:25:00","PST","","General Card Deposit","Completed","USD","547.97","0.00","547.97","","","4,802.85","30A11432LY154751B",""
"01/24/2026","08:38:50","PST","tenso 株式会社 (tenso,inc.)","Payment Refund","Completed","USD","547.97","0.00","547.97","","","5,350.82","00064404ET643923E",""
"01/24/2026","08:38:50","PST","","General Card Withdrawal","Completed","USD","-547.97","0.00","-547.97","","","4,802.85","08U70096SG914761N",""
"01/24/2026","22:49:17","PST","Anusarn Sangnimnuan","Mobile Payment","Completed","USD","-2,800.00","0.00","-2,800.00","","","2,002.85","3NN32455N8707994M",""
"01/24/2026","23:48:38","PST","tenso 株式会社 (tenso,inc.)","Express Checkout Payment","Completed","USD","-3,639.59","0.00","-3,639.59","","","-1,636.74","9SS22791YG9527533",""
"01/24/2026","23:48:38","PST","","General Card Deposit","Completed","USD","3,639.59","0.00","3,639.59","","","2,002.85","1RV017377T793730K",""
"01/25/2026","01:04:32","PST","tenso 株式会社 (tenso,inc.)","Express Checkout Payment","Completed","USD","-753.17","0.00","-753.17","","","1,249.68","3GA09041GT619851V",""
"01/25/2026","01:04:32","PST","","General Card Deposit","Completed","USD","753.17","0.00","753.17","","","2,002.85","6LK76623751767344",""
"01/25/2026","01:06:34","PST","tenso 株式会社 (tenso,inc.)","Express Checkout Payment","Completed","USD","-611.09","0.00","-611.09","","","1,391.76","9VL90985DP689492S",""
"01/25/2026","01:06:34","PST","","General Card Deposit","Completed","USD","611.09","0.00","611.09","","","2,002.85","0AP78125VX0614157",""
"01/25/2026","01:36:35","PST","tenso 株式会社 (tenso,inc.)","Express Checkout Payment","Completed","USD","-880.29","0.00","-880.29","","","1,122.56","6EM93109W8886903R",""
"01/25/2026","01:36:35","PST","","General Card Deposit","Completed","USD","880.29","0.00","880.29","","","2,002.85","4BS79611ET784563K",""
"01/25/2026","01:38:00","PST","tenso 株式会社 (tenso,inc.)","Express Checkout Payment","Completed","USD","-3,875.01","0.00","-3,875.01","","","-1,872.16","7W522052VX5947937",""
"01/25/2026","01:38:00","PST","","General Card Deposit","Completed","USD","3,875.01","0.00","3,875.01","","","2,002.85","53T32668FE585074N",""
"01/25/2026","08:39:58","PST","tenso 株式会社 (tenso,inc.)","Express Checkout Payment","Completed","USD","-403.82","0.00","-403.82","","","1,599.03","3AM984557H652325E",""
"01/25/2026","08:39:58","PST","","General Card Deposit","Completed","USD","403.82","0.00","403.82","","","2,002.85","6JP77261UP640231P",""
"01/25/2026","15:37:07","PST","Christopher  Sandoval","Mobile Payment","Completed","USD","-1,350.00","0.00","-1,350.00","","","652.85","3LN68561L2022144W",""
"01/26/2026","11:37:11","PST","eric hui","Mobile Payment","Completed","USD","1,000.00","0.00","1,000.00","","","1,652.85","5XM090211U1560450",""
"01/26/2026","17:37:51","PST","tenso 株式会社 (tenso,inc.)","Express Checkout Payment","Completed","USD","-412.93","0.00","-412.93","","","1,239.92","6CH538507X603143N",""
"01/26/2026","17:37:51","PST","","General Card Deposit","Completed","USD","412.93","0.00","412.93","","","1,652.85","2WD358416M401994N",""
"01/26/2026","21:03:53","PST","tenso 株式会社 (tenso,inc.)","Express Checkout Payment","Completed","USD","-425.41","0.00","-425.41","","","1,227.44","9PM13943LJ829431C",""
"01/26/2026","21:03:53","PST","","General Card Deposit","Completed","USD","425.41","0.00","425.41","","","1,652.85","3EK409981Y094405L",""
"01/26/2026","21:10:10","PST","tenso 株式会社 (tenso,inc.)","Express Checkout Payment","Completed","USD","-441.30","0.00","-441.30","","","1,211.55","4FS32420Y80353607",""
"01/26/2026","21:10:10","PST","","General Card Deposit","Completed","USD","441.30","0.00","441.30","","","1,652.85","4PG23046J2065913M",""
"01/26/2026","21:12:23","PST","tenso 株式会社 (tenso,inc.)","Express Checkout Payment","Completed","USD","-480.65","0.00","-480.65","","","1,172.20","2AR248879W4009623",""
"01/26/2026","21:12:23","PST","","General Card Deposit","Completed","USD","480.65","0.00","480.65","","","1,652.85","26P57270S29191215",""
"01/26/2026","21:25:44","PST","DHL Express (USA), Inc.","Express Checkout Payment","Completed","USD","-26.34","0.00","-26.34","","","1,626.51","15C305580H866042D",""
"01/26/2026","21:25:44","PST","","General Card Deposit","Completed","USD","26.34","0.00","26.34","","","1,652.85","72E85432BV192103D",""
"01/27/2026","08:08:58","PST","tenso 株式会社 (tenso,inc.)","Express Checkout Payment","Completed","USD","-425.41","0.00","-425.41","","","1,227.44","6SE58439SX347012H",""
"01/27/2026","08:08:58","PST","","General Card Deposit","Completed","USD","425.41","0.00","425.41","","","1,652.85","61Y931590X044991F",""
"01/27/2026","08:18:33","PST","tenso 株式会社 (tenso,inc.)","Express Checkout Payment","Completed","USD","-391.59","0.00","-391.59","","","1,261.26","3CL52141GC991790T",""
"01/27/2026","08:18:33","PST","","General Card Deposit","Completed","USD","391.59","0.00","391.59","","","1,652.85","39598412RD5667423",""
"01/28/2026","01:00:44","PST","tenso 株式会社 (tenso,inc.)","Express Checkout Payment","Completed","USD","-104.50","0.00","-104.50","","","1,548.35","98C03770PN1244448",""
"01/28/2026","01:00:44","PST","","General Card Deposit","Completed","USD","104.50","0.00","104.50","","","1,652.85","09Y5804646032770J",""
"01/28/2026","01:21:07","PST","tenso 株式会社 (tenso,inc.)","Express Checkout Payment","Completed","USD","-432.34","0.00","-432.34","","","1,220.51","94V51001LK3289625",""
"01/28/2026","01:21:07","PST","","General Card Deposit","Completed","USD","432.34","0.00","432.34","","","1,652.85","8MP627352G462264F",""
"01/28/2026","01:31:18","PST","tenso 株式会社 (tenso,inc.)","Payment Refund","Completed","USD","377.92","0.00","377.92","","","2,030.77","99M75250FC268522F",""
"01/28/2026","01:31:18","PST","","General Card Withdrawal","Completed","USD","-377.92","0.00","-377.92","","","1,652.85","1GR711950R195550N",""
"01/28/2026","01:31:22","PST","tenso 株式会社 (tenso,inc.)","Payment Refund","Completed","USD","377.92","0.00","377.92","","","2,030.77","4LW26515KT1075615",""
"01/28/2026","01:31:22","PST","","General Card Withdrawal","Completed","USD","-377.92","0.00","-377.92","","","1,652.85","7F461340EK8149333",""
"01/28/2026","01:31:25","PST","tenso 株式会社 (tenso,inc.)","Payment Refund","Completed","USD","377.92","0.00","377.92","","","2,030.77","3CA777198K2999223",""
"01/28/2026","01:31:25","PST","","General Card Withdrawal","Completed","USD","-377.92","0.00","-377.92","","","1,652.85","0GY840307Y635084A",""
"01/28/2026","08:19:01","PST","Kỳ Thiều","Mobile Payment","Completed","USD","4,196.00","0.00","4,196.00","","","5,848.85","6LE99358UP976171X",""
"01/28/2026","20:06:23","PST","Pirate Ship LLC","PreApproved Payment Bill User Payment","Completed","USD","-19.26","0.00","-19.26","","","5,829.59","9F380350V13086939",""
"01/28/2026","20:06:23","PST","","General Card Deposit","Completed","USD","19.26","0.00","19.26","","","5,848.85","1AP51232ET487802E",""
"01/28/2026","20:31:09","PST","Seong Jang","Mobile Payment","Completed","USD","2,800.00","0.00","2,800.00","","","8,648.85","0D884429DY932454J",""
"01/29/2026","20:14:04","PST","tenso 株式会社 (tenso,inc.)","Payment Refund","Completed","USD","611.09","0.00","611.09","","","9,259.94","61H04150EP717972N",""
"01/29/2026","20:14:04","PST","","General Card Withdrawal","Completed","USD","-611.09","0.00","-611.09","","","8,648.85","4D008572A7877982X",""
"01/29/2026","20:25:48","PST","tenso 株式会社 (tenso,inc.)","Payment Refund","Completed","USD","880.29","0.00","880.29","","","9,529.14","6VS16540DG3367149",""
"01/29/2026","20:25:48","PST","","General Card Withdrawal","Completed","USD","-880.29","0.00","-880.29","","","8,648.85","9DP10335HS079115C",""
"01/29/2026","22:02:35","PST","tenso 株式会社 (tenso,inc.)","Express Checkout Payment","Completed","USD","-511.63","0.00","-511.63","","","8,137.22","97P387218K352210R",""
"01/29/2026","22:02:35","PST","","General Card Deposit","Completed","USD","511.63","0.00","511.63","","","8,648.85","1KL2013814640801C",""
"01/29/2026","22:08:54","PST","PayPal Inc.","Electronic Funds Transfer Funding","Completed","USD","-4,500.00","0.00","-4,500.00","","","4,148.85","06S706069G8814043",""
"01/30/2026","13:01:36","PST","Pirate Ship LLC","PreApproved Payment Bill User Payment","Completed","USD","-24.45","0.00","-24.45","","","4,124.40","1DJ76324UT213721N",""
"01/30/2026","13:01:36","PST","","General Card Deposit","Completed","USD","24.45","0.00","24.45","","","4,148.85","94F521396N051621F",""
"01/30/2026","13:03:18","PST","Pirate Ship LLC","PreApproved Payment Bill User Payment","Completed","USD","-13.52","0.00","-13.52","","","4,135.33","46W359007J804613T",""
"01/30/2026","13:03:18","PST","","General Card Deposit","Completed","USD","13.52","0.00","13.52","","","4,148.85","1X82412157575352C",""
"01/30/2026","13:04:23","PST","Pirate Ship LLC","PreApproved Payment Bill User Payment","Completed","USD","-21.65","0.00","-21.65","","","4,127.20","4WG68177RN8997046",""
"01/30/2026","13:04:23","PST","","General Card Deposit","Completed","USD","21.65","0.00","21.65","","","4,148.85","2EX84702Y4911372J",""
"01/31/2026","20:14:39","PST","Uber BV","PreApproved Payment Bill User Payment","Completed","HKD","-59.94","0.00","-59.94","","","-59.94","4RS09951D9492321E",""
"01/31/2026","20:14:39","PST","","General Card Deposit","Completed","USD","8.01","0.00","8.01","","","4,156.86","96X8508412174473E",""
"01/31/2026","20:14:39","PST","","General Currency Conversion","Completed","USD","-8.01","0.00","-8.01","7.491849599999999","","4,148.85","2AK79903WV312204D",""
"01/31/2026","20:14:39","PST","","General Currency Conversion","Completed","HKD","59.94","0.00","59.94","","","0.00","6DL11859JL2095459",""
"02/01/2026","01:12:50","PST","Uber BV","PreApproved Payment Bill User Payment","Completed","HKD","-47.44","0.00","-47.44","","","-47.44","6YJ58101LN3523538",""
"02/01/2026","01:12:50","PST","","General Card Deposit","Completed","USD","6.34","0.00","6.34","","","4,155.19","7WV34459R5720123C",""
"02/01/2026","01:12:50","PST","","General Currency Conversion","Completed","USD","-6.34","0.00","-6.34","7.491849599999999","","4,148.85","6LR83778UC220615C",""
"02/01/2026","01:12:50","PST","","General Currency Conversion","Completed","HKD","47.44","0.00","47.44","","","0.00","6HT0969598609203A",""
"02/01/2026","02:59:17","PST","Uber BV","PreApproved Payment Bill User Payment","Completed","HKD","-66.36","0.00","-66.36","","","-66.36","70K85559AX0014027",""
"02/01/2026","02:59:17","PST","","General Card Deposit","Completed","USD","8.86","0.00","8.86","","","4,157.71","5HV09987D66357027",""
"02/01/2026","02:59:17","PST","","General Currency Conversion","Completed","USD","-8.86","0.00","-8.86","7.491849599999999","","4,148.85","57B52749132566247",""
"02/01/2026","02:59:17","PST","","General Currency Conversion","Completed","HKD","66.36","0.00","66.36","","","0.00","95S63650M64168609",""
"02/01/2026","12:51:33","PST","tenso 株式会社 (tenso,inc.)","Express Checkout Payment","Completed","USD","-389.86","0.00","-389.86","","","3,758.99","4XF60192ND771563M",""
"02/01/2026","12:51:33","PST","","General Card Deposit","Completed","USD","389.86","0.00","389.86","","","4,148.85","4MA69361UH124392Y",""
"02/01/2026","20:08:13","PST","Kỳ Thiều","Mobile Payment","Completed","USD","9,000.00","0.00","9,000.00","","","13,148.85","2KW921495L376891N",""
"02/02/2026","02:24:07","PST","Uber BV","PreApproved Payment Bill User Payment","Completed","HKD","-10.00","0.00","-10.00","","","-10.00","58U87601PS599001G",""
"02/02/2026","02:24:07","PST","","General Card Deposit","Completed","USD","1.34","0.00","1.34","","","13,150.19","9W9783927V158421C",""
"02/02/2026","02:24:07","PST","","General Currency Conversion","Completed","USD","-1.34","0.00","-1.34","7.491849599999999","","13,148.85","0BG11930XS5885358",""
"02/02/2026","02:24:07","PST","","General Currency Conversion","Completed","HKD","10.00","0.00","10.00","","","0.00","5FV46873XP444971X",""
"02/02/2026","03:55:19","PST","Uber BV","PreApproved Payment Bill User Payment","Completed","HKD","-252.27","0.00","-252.27","","","-252.27","5RB658082X255944U",""
"02/02/2026","03:55:19","PST","","General Card Deposit","Completed","USD","33.68","0.00","33.68","","","13,182.53","7SH38089U8959545D",""
"02/02/2026","03:55:19","PST","","General Currency Conversion","Completed","USD","-33.68","0.00","-33.68","7.491849599999999","","13,148.85","4U368402AB589483D",""
"02/02/2026","03:55:19","PST","","General Currency Conversion","Completed","HKD","252.27","0.00","252.27","","","0.00","96K49713BS573972D",""
"02/02/2026","03:56:08","PST","Uber BV","PreApproved Payment Bill User Payment","Completed","HKD","-15.00","0.00","-15.00","","","-15.00","62Y11042PW204242P",""
"02/02/2026","03:56:08","PST","","General Card Deposit","Completed","USD","2.01","0.00","2.01","","","13,150.86","39N86235VJ8467249",""
"02/02/2026","03:56:08","PST","","General Currency Conversion","Completed","USD","-2.01","0.00","-2.01","7.491849599999999","","13,148.85","5XV08649G0254121M",""
"02/02/2026","03:56:08","PST","","General Currency Conversion","Completed","HKD","15.00","0.00","15.00","","","0.00","15V86510P4002084S",""
"02/02/2026","20:31:43","PST","Pirate Ship LLC","PreApproved Payment Bill User Payment","Completed","USD","-80.47","0.00","-80.47","","","13,068.38","1M200827D8853641B",""
"02/02/2026","20:31:43","PST","","General Card Deposit","Completed","USD","80.47","0.00","80.47","","","13,148.85","81N5531201097831U",""
"02/02/2026","21:59:30","PST","PayPal Inc.","Electronic Funds Transfer Funding","Completed","USD","-3,500.00","0.00","-3,500.00","","","9,648.85","6FD790092S016770A",""
"02/03/2026","02:49:23","PST","Pirate Ship LLC","PreApproved Payment Bill User Payment","Completed","USD","-51.03","0.00","-51.03","","","9,597.82","3X136186S8537211V",""
"02/03/2026","02:49:23","PST","","General Card Deposit","Completed","USD","51.03","0.00","51.03","","","9,648.85","0UH089685U826814B",""
"02/03/2026","03:29:39","PST","tenso 株式会社 (tenso,inc.)","Express Checkout Payment","Completed","USD","-580.01","0.00","-580.01","","","9,068.84","0ND60792UH9110231",""
"02/03/2026","03:29:39","PST","","General Card Deposit","Completed","USD","580.01","0.00","580.01","","","9,648.85","73574518G2410132L",""
"02/03/2026","03:40:26","PST","tenso 株式会社 (tenso,inc.)","Express Checkout Payment","Completed","USD","-498.89","0.00","-498.89","","","9,149.96","69087536KW4527008",""
"02/03/2026","03:40:26","PST","","General Card Deposit","Completed","USD","498.89","0.00","498.89","","","9,648.85","2WK894877P637321C",""
"02/03/2026","10:51:53","PST","Benjamin Harrison","Mobile Payment","Completed","USD","-1,350.00","0.00","-1,350.00","","","8,298.85","2YC60132VJ4429455",""
"02/03/2026","11:11:50","PST","Pirate Ship LLC","PreApproved Payment Bill User Payment","Completed","USD","-6.26","0.00","-6.26","","","8,292.59","74C96255KB534524X",""
"02/03/2026","11:11:50","PST","","General Card Deposit","Completed","USD","6.26","0.00","6.26","","","8,298.85","5AL003935L965305B",""
"02/03/2026","12:40:23","PST","Pirate Ship LLC","PreApproved Payment Bill User Payment","Completed","USD","-12.45","0.00","-12.45","","","8,286.40","16867088VH899814Y",""
"02/03/2026","12:40:23","PST","","General Card Deposit","Completed","USD","12.45","0.00","12.45","","","8,298.85","4VF912080R115205H",""
"02/03/2026","14:17:47","PST","Adam Wei","Mobile Payment","Completed","USD","-500.00","0.00","-500.00","","","7,798.85","3XV32405EB4315401",""
"02/03/2026","21:36:47","PST","tenso 株式会社 (tenso,inc.)","Express Checkout Payment","Completed","USD","-379.28","0.00","-379.28","","","7,419.57","8UW91621D14594537",""
"02/03/2026","21:36:47","PST","","General Card Deposit","Completed","USD","379.28","0.00","379.28","","","7,798.85","3CR193331H220192R",""
"02/04/2026","07:11:40","PST","tenso 株式会社 (tenso,inc.)","Express Checkout Payment","Completed","USD","-495.18","0.00","-495.18","","","7,303.67","5MK66571HR107072F",""
"02/04/2026","07:11:40","PST","","General Card Deposit","Completed","USD","495.18","0.00","495.18","","","7,798.85","1V8593408B332634D",""
"02/04/2026","13:43:25","PST","tenso 株式会社 (tenso,inc.)","Express Checkout Payment","Completed","USD","-422.65","0.00","-422.65","","","7,376.20","9LG60592494651343",""
"02/04/2026","13:43:25","PST","","General Card Deposit","Completed","USD","422.65","0.00","422.65","","","7,798.85","9AM0143919276144A",""
"02/04/2026","13:44:37","PST","tenso 株式会社 (tenso,inc.)","Express Checkout Payment","Completed","USD","-429.38","0.00","-429.38","","","7,369.47","35305062XJ1339726",""
"02/04/2026","13:44:37","PST","","General Card Deposit","Completed","USD","429.38","0.00","429.38","","","7,798.85","3W096985XR6505504",""
"02/04/2026","18:44:12","PST","tenso 株式会社 (tenso,inc.)","Express Checkout Payment","Completed","USD","-1,008.16","0.00","-1,008.16","","","6,790.69","74T89463UV2057639",""
"02/04/2026","18:44:12","PST","","General Card Deposit","Completed","USD","1,008.16","0.00","1,008.16","","","7,798.85","753255648W6160610",""
"02/04/2026","19:11:19","PST","tenso 株式会社 (tenso,inc.)","Express Checkout Payment","Completed","USD","-947.59","0.00","-947.59","","","6,851.26","8DB37261RR439345E",""
"02/04/2026","19:11:19","PST","","General Card Deposit","Completed","USD","947.59","0.00","947.59","","","7,798.85","47S426117H838983C",""
"02/04/2026","20:08:24","PST","tenso 株式会社 (tenso,inc.)","Express Checkout Payment","Completed","USD","-407.36","0.00","-407.36","","","7,391.49","5N337686C29096047",""
"02/04/2026","20:08:24","PST","","General Card Deposit","Completed","USD","407.36","0.00","407.36","","","7,798.85","1RL43367LP8427612",""
"02/05/2026","09:29:07","PST","tenso 株式会社 (tenso,inc.)","Express Checkout Payment","Completed","USD","-716.31","0.00","-716.31","","","7,082.54","3SW11423VW6285209",""
"02/05/2026","09:29:07","PST","","General Card Deposit","Completed","USD","716.31","0.00","716.31","","","7,798.85","61G103021H6079037",""
"02/05/2026","10:27:04","PST","tenso 株式会社 (tenso,inc.)","Express Checkout Payment","Completed","USD","-939.64","0.00","-939.64","","","6,859.21","3D8400557N409030H",""
"02/05/2026","10:27:04","PST","","General Card Deposit","Completed","USD","939.64","0.00","939.64","","","7,798.85","54W42563Y2738054G",""
"02/05/2026","17:08:06","PST","tenso 株式会社 (tenso,inc.)","Express Checkout Payment","Completed","USD","-842.86","0.00","-842.86","","","6,955.99","17E79432M4680105V",""
"02/05/2026","17:08:06","PST","","General Card Deposit","Completed","USD","842.86","0.00","842.86","","","7,798.85","1BT09753JF724141A",""
"02/05/2026","23:22:01","PST","Huy Doan","Mobile Payment","Completed","USD","-2,500.00","0.00","-2,500.00","","","5,298.85","1MM81721N8338615N",""
"02/05/2026","23:26:20","PST","tenso 株式会社 (tenso,inc.)","Express Checkout Payment","Completed","USD","-653.31","0.00","-653.31","","","4,645.54","62H0374896254993A",""
"02/05/2026","23:26:20","PST","","General Card Deposit","Completed","USD","653.31","0.00","653.31","","","5,298.85","2XC734081Y699315F",""
"02/06/2026","01:34:21","PST","tenso 株式会社 (tenso,inc.)","Express Checkout Payment","Completed","USD","-1,010.36","0.00","-1,010.36","","","4,288.49","77T424776T549002B",""
"02/06/2026","01:34:21","PST","","General Card Deposit","Completed","USD","1,010.36","0.00","1,010.36","","","5,298.85","0SR96639HY357392V",""
"02/06/2026","08:03:11","PST","tenso 株式会社 (tenso,inc.)","Express Checkout Payment","Completed","USD","-491.51","0.00","-491.51","","","4,807.34","63L33864KF426380T",""
"02/06/2026","08:03:11","PST","","General Card Deposit","Completed","USD","491.51","0.00","491.51","","","5,298.85","0K0799306D1177537",""
"02/07/2026","00:35:10","PST","tenso 株式会社 (tenso,inc.)","Express Checkout Payment","Completed","USD","-307.96","0.00","-307.96","","","4,990.89","5UM31478M2601333C",""
"02/07/2026","00:35:10","PST","","General Card Deposit","Completed","USD","307.96","0.00","307.96","","","5,298.85","4EX857446T531542K",""
"02/07/2026","12:30:04","PST","tenso 株式会社 (tenso,inc.)","Express Checkout Payment","Completed","USD","-492.99","0.00","-492.99","","","4,805.86","7H392633LY4484231",""
"02/07/2026","12:30:04","PST","","General Card Deposit","Completed","USD","492.99","0.00","492.99","","","5,298.85","89287048LX078651C",""
"02/07/2026","14:19:30","PST","PayPal","Account Hold for Open Authorization","Pending","USD","-25.00","0.00","-25.00","","","5,273.85","7UN3672428143650U",""
"02/07/2026","14:19:32","PST","Starbucks Coffee Company","PreApproved Payment Bill User Payment","Completed","USD","-25.00","0.00","-25.00","","","5,248.85","4UR37825DL1740505",""
"02/07/2026","14:19:32","PST","PayPal","Reversal of General Account Hold","Completed","USD","25.00","0.00","25.00","","","5,273.85","6C0027697K021125W",""
"02/07/2026","15:28:47","PST","tenso 株式会社 (tenso,inc.)","Express Checkout Payment","Completed","USD","-1,022.42","0.00","-1,022.42","","","4,251.43","42F87305WF8728749",""
"02/07/2026","15:28:47","PST","","General Card Deposit","Completed","USD","1,022.42","0.00","1,022.42","","","5,273.85","4VN11074JE4815148",""
"02/07/2026","16:00:01","PST","tenso 株式会社 (tenso,inc.)","Express Checkout Payment","Completed","USD","-439.55","0.00","-439.55","","","4,834.30","5GT95078JT946593M",""
"02/07/2026","16:00:01","PST","","General Card Deposit","Completed","USD","439.55","0.00","439.55","","","5,273.85","1VH57338UF5689400",""
"02/07/2026","16:00:59","PST","tenso 株式会社 (tenso,inc.)","Express Checkout Payment","Completed","USD","-439.55","0.00","-439.55","","","4,834.30","91383567E2842814T",""
"02/07/2026","16:00:59","PST","","General Card Deposit","Completed","USD","439.55","0.00","439.55","","","5,273.85","67F023579W930722W",""
"02/07/2026","22:39:22","PST","tenso 株式会社 (tenso,inc.)","Express Checkout Payment","Completed","USD","-650.34","0.00","-650.34","","","4,623.51","5H40801831124521N",""
"02/07/2026","22:39:22","PST","","General Card Deposit","Completed","USD","650.34","0.00","650.34","","","5,273.85","8641438048644740U",""
"02/08/2026","09:38:31","PST","tenso 株式会社 (tenso,inc.)","Express Checkout Payment","Completed","USD","-520.43","0.00","-520.43","","","4,753.42","2XG329979C9307422",""
"02/08/2026","09:38:31","PST","","General Card Deposit","Completed","USD","520.43","0.00","520.43","","","5,273.85","7K895784AJ8310401",""
"02/09/2026","08:35:59","PST","Pirate Ship LLC","PreApproved Payment Bill User Payment","Completed","USD","-35.33","0.00","-35.33","","","5,238.52","2NK97353G2401842T",""
"02/09/2026","08:35:59","PST","","General Card Deposit","Completed","USD","35.33","0.00","35.33","","","5,273.85","40017511X3805053H",""
"02/09/2026","16:46:09","PST","John Underwood","Mobile Payment","Completed","USD","2,245.00","0.00","2,245.00","","","7,518.85","3UR51005GR201123P",""
"02/10/2026","10:20:05","PST","Adam Wei","Mobile Payment","Completed","USD","-500.00","0.00","-500.00","","","7,018.85","16170751CS6726944",""
"02/10/2026","22:05:09","PST","PayPal Inc.","Electronic Funds Transfer Funding","Completed","USD","-4,000.00","0.00","-4,000.00","","","3,018.85","0G3297377F0864042",""
"02/10/2026","22:06:01","PST","Pirate Ship LLC","PreApproved Payment Bill User Payment","Completed","USD","-3.36","0.00","-3.36","","","3,015.49","9VY43482T0236162U",""
"02/10/2026","22:06:01","PST","","General Card Deposit","Completed","USD","3.36","0.00","3.36","","","3,018.85","2XF53572D8368252E",""
"02/10/2026","22:06:18","PST","tenso 株式会社 (tenso,inc.)","PreApproved Payment Bill User Payment","Completed","USD","-89.52","0.00","-89.52","","","2,929.33","42J24000B8189671G",""
"02/10/2026","22:06:18","PST","","General Card Deposit","Completed","USD","89.52","0.00","89.52","","","3,018.85","85X693567B815373F",""
"02/11/2026","22:06:43","PST","Seong Jang","Mobile Payment","Completed","USD","2,400.00","0.00","2,400.00","","","5,418.85","2V817435XT668301C",""
"02/12/2026","12:18:12","PST","Pirate Ship LLC","PreApproved Payment Bill User Payment","Completed","USD","-91.02","0.00","-91.02","","","5,327.83","3FX446007U562611S",""
"02/12/2026","12:18:12","PST","","General Card Deposit","Completed","USD","91.02","0.00","91.02","","","5,418.85","4EY0824384153661R",""
"02/12/2026","12:20:13","PST","Pirate Ship LLC","PreApproved Payment Bill User Payment","Completed","USD","-12.45","0.00","-12.45","","","5,406.40","4A311016293521603",""
"02/12/2026","12:20:13","PST","","General Card Deposit","Completed","USD","12.45","0.00","12.45","","","5,418.85","22W71191AA602533Y",""
"02/14/2026","14:36:35","PST","PayPal","Account Hold for Open Authorization","Pending","USD","-25.00","0.00","-25.00","","","5,393.85","4F4925161K527543J",""
"02/14/2026","14:36:39","PST","Starbucks Coffee Company","PreApproved Payment Bill User Payment","Completed","USD","-25.00","0.00","-25.00","","","5,368.85","0U416407LV8389012",""
"02/14/2026","14:36:39","PST","PayPal","Reversal of General Account Hold","Completed","USD","25.00","0.00","25.00","","","5,393.85","5WV08117382960433",""
"02/15/2026","08:18:50","PST","Pirate Ship LLC","PreApproved Payment Bill User Payment","Completed","USD","-33.97","0.00","-33.97","","","5,359.88","5L5964928N792800T",""
"02/15/2026","08:18:50","PST","","General Card Deposit","Completed","USD","33.97","0.00","33.97","","","5,393.85","3X790189AT083572F",""
"02/16/2026","11:47:05","PST","Peter Monaghan","Mobile Payment","Completed","USD","-1,100.00","0.00","-1,100.00","","","4,293.85","4C068061F0201734V",""
"02/17/2026","09:04:41","PST","Adam Wei","Mobile Payment","Completed","USD","-500.00","0.00","-500.00","","","3,793.85","7HC52537N3194045V",""
"02/17/2026","10:07:19","PST","Adam Wei","Mobile Payment","Completed","USD","-350.00","0.00","-350.00","","","3,443.85","42S02360E5361794U",""
"02/17/2026","12:58:17","PST","Pirate Ship LLC","PreApproved Payment Bill User Payment","Completed","USD","-46.57","0.00","-46.57","","","3,397.28","63G23657T3837961L",""
"02/17/2026","12:58:17","PST","","General Card Deposit","Completed","USD","46.57","0.00","46.57","","","3,443.85","3PT94477YF465904K",""
"02/17/2026","17:59:36","PST","Pirate Ship LLC","PreApproved Payment Bill User Payment","Completed","USD","-9.25","0.00","-9.25","","","3,434.60","5RF50183MJ264014F",""
"02/17/2026","17:59:36","PST","","General Card Deposit","Completed","USD","9.25","0.00","9.25","","","3,443.85","640181397D524323B",""
"02/17/2026","22:25:45","PST","Pirate Ship LLC","PreApproved Payment Bill User Payment","Completed","USD","-9.32","0.00","-9.32","","","3,434.53","50S07209MJ022353X",""
"02/17/2026","22:25:45","PST","","General Card Deposit","Completed","USD","9.32","0.00","9.32","","","3,443.85","4YU68760FS2431744",""
"02/18/2026","06:49:50","PST","tenso 株式会社 (tenso,inc.)","PreApproved Payment Bill User Payment","Completed","USD","-56.07","0.00","-56.07","","","3,387.78","5YM88417PU5733338",""
"02/18/2026","06:49:50","PST","","General Card Deposit","Completed","USD","56.07","0.00","56.07","","","3,443.85","7BS88954YL8390710",""
"02/18/2026","15:01:54","PST","Pirate Ship LLC","PreApproved Payment Bill User Payment","Completed","USD","-45.72","0.00","-45.72","","","3,398.13","7M1000958D284110L",""
"02/18/2026","15:01:54","PST","","General Card Deposit","Completed","USD","45.72","0.00","45.72","","","3,443.85","14N79264DW496681B",""
"02/18/2026","15:10:50","PST","Pirate Ship LLC","PreApproved Payment Bill User Payment","Completed","USD","-12.45","0.00","-12.45","","","3,431.40","5GK52983KP516684E",""
"02/18/2026","15:10:50","PST","","General Card Deposit","Completed","USD","12.45","0.00","12.45","","","3,443.85","1AX56876YM539105G",""
"02/19/2026","07:47:04","PST","","General Card Deposit","Completed","USD","510.00","0.00","510.00","","","3,953.85","04W9934154043745M",""
"02/19/2026","07:47:40","PST","Rong Hang Lin","Mobile Payment","Completed","USD","-3,950.00","0.00","-3,950.00","","","3.85","5DH15306D5745301M",""
"02/19/2026","12:18:45","PST","99Pledges","Express Checkout Payment","Completed","USD","-30.00","0.00","-30.00","","","-26.15","2N4461219L216340J",""
"02/19/2026","12:18:45","PST","","General Card Deposit","Completed","USD","30.00","0.00","30.00","","","3.85","3MV95405GJ2431822",""
"02/19/2026","12:19:37","PST","99Pledges","Express Checkout Payment","Completed","USD","-30.00","0.00","-30.00","","","-26.15","2RB42531SC5554512",""
"02/19/2026","12:19:37","PST","","General Card Deposit","Completed","USD","30.00","0.00","30.00","","","3.85","1V942544S6612003N",""
"02/20/2026","08:51:44","PST","PayPal","Account Hold for Open Authorization","Pending","USD","-3.85","0.00","-3.85","","","0.00","65V70544S2544433A",""
"02/20/2026","08:51:47","PST","Starbucks Coffee Company","PreApproved Payment Bill User Payment","Completed","USD","-25.00","0.00","-25.00","","","-25.00","57C70062VV509020X",""
"02/20/2026","08:51:47","PST","PayPal","Reversal of General Account Hold","Completed","USD","3.85","0.00","3.85","","","-21.15","3GP55413LT5172013",""
"02/20/2026","08:51:47","PST","","Bank Deposit to PP Account ","Pending","USD","21.15","0.00","21.15","","","0.00","9EH71241JY997812X",""
"02/20/2026","09:35:34","PST","Rong Hang Lin","Mobile Payment","Completed","USD","-1,850.00","0.00","-1,850.00","","","-1,850.00","6P4536792R547272Y",""
"02/20/2026","09:35:34","PST","","Bank Deposit to PP Account ","Pending","USD","1,850.00","0.00","1,850.00","","","0.00","71A46584EK784120D",""
"02/20/2026","12:37:57","PST","Pirate Ship LLC","PreApproved Payment Bill User Payment","Completed","USD","-6.26","0.00","-6.26","","","-6.26","9V1688509L3728349",""
"02/20/2026","12:37:57","PST","","General Card Deposit","Completed","USD","6.26","0.00","6.26","","","0.00","9DR260961R121700V",""
"02/20/2026","12:41:52","PST","Pirate Ship LLC","PreApproved Payment Bill User Payment","Completed","USD","-44.71","0.00","-44.71","","","-44.71","07283199AY906434L",""
"02/20/2026","12:41:52","PST","","General Card Deposit","Completed","USD","44.71","0.00","44.71","","","0.00","5J394515EC701884F",""
"02/20/2026","12:43:20","PST","Pirate Ship LLC","PreApproved Payment Bill User Payment","Completed","USD","-13.52","0.00","-13.52","","","-13.52","5P074432VD046745L",""
"02/20/2026","12:43:20","PST","","General Card Deposit","Completed","USD","13.52","0.00","13.52","","","0.00","476664256V5902250",""
"02/20/2026","12:44:56","PST","Pirate Ship LLC","PreApproved Payment Bill User Payment","Completed","USD","-6.26","0.00","-6.26","","","-6.26","2XV15074F77981532",""
"02/20/2026","12:44:56","PST","","General Card Deposit","Completed","USD","6.26","0.00","6.26","","","0.00","5T744876XX787874T",""
"02/20/2026","12:45:31","PST","John Underwood","Mobile Payment","Completed","USD","73.19","0.00","73.19","","","73.19","56166822VL452073W",""
"02/20/2026","12:53:32","PST","Pirate Ship LLC","PreApproved Payment Bill User Payment","Completed","USD","-66.22","0.00","-66.22","","","6.97","4WV87179R1339104G",""
"02/20/2026","12:53:32","PST","","General Card Deposit","Completed","USD","66.22","0.00","66.22","","","73.19","13019601G6429750C",""
"02/20/2026","12:54:21","PST","Pirate Ship LLC","PreApproved Payment Bill User Payment","Completed","USD","-73.19","0.00","-73.19","","","0.00","3K001465PK2830944",""
"02/20/2026","12:54:21","PST","","General Card Deposit","Completed","USD","73.19","0.00","73.19","","","73.19","9RF239245J3426059",""
"02/20/2026","13:07:16","PST","Pirate Ship LLC","PreApproved Payment Bill User Payment","Completed","USD","-38.81","0.00","-38.81","","","34.38","44661911FT107722P",""
"02/20/2026","13:07:16","PST","","General Card Deposit","Completed","USD","38.81","0.00","38.81","","","73.19","9VT056062C203725P",""
"02/23/2026","14:50:29","PST","eBay Commerce Inc.","PreApproved Payment Bill User Payment","Completed","USD","-4,299.00","0.00","-4,299.00","","","-4,225.81","27W434613B600682R","Order Number : 07-14282-62980"
"02/23/2026","14:50:29","PST","","General Card Deposit","Completed","USD","4,299.00","0.00","4,299.00","","","73.19","9AA519113M584163F",""
"02/23/2026","22:15:08","PST","Pirate Ship LLC","PreApproved Payment Bill User Payment","Completed","USD","-13.63","0.00","-13.63","","","59.56","0PT58001S5168910G",""
"02/23/2026","22:15:08","PST","","General Card Deposit","Completed","USD","13.63","0.00","13.63","","","73.19","0GP57008U53037447",""
"02/24/2026","15:04:20","PST","eBay Commerce Inc.","PreApproved Payment Bill User Payment","Completed","USD","-4,200.00","0.00","-4,200.00","","","-4,126.81","4SS96588EP672912F","Order Number : 16-14274-27688"
"02/24/2026","15:04:20","PST","","General Card Deposit","Completed","USD","4,200.00","0.00","4,200.00","","","73.19","25L33909GH144573R",""
"02/24/2026","15:21:19","PST","eBay Commerce Inc.","PreApproved Payment Bill User Payment","Completed","USD","-1,900.00","0.00","-1,900.00","","","-1,826.81","83D491311M282890D","Order Number : 22-14265-72468"
"02/24/2026","15:21:19","PST","","General Card Deposit","Completed","USD","1,900.00","0.00","1,900.00","","","73.19","3SJ95659EE294343X",""
"02/24/2026","21:07:55","PST","Pirate Ship LLC","PreApproved Payment Bill User Payment","Completed","USD","-32.59","0.00","-32.59","","","40.60","3SM79936W0941590L",""
"02/24/2026","21:07:55","PST","","General Card Deposit","Completed","USD","32.59","0.00","32.59","","","73.19","2GE31798MP346940G",""
"02/24/2026","21:19:24","PST","Discord Inc","PreApproved Payment Bill User Payment","Completed","USD","-4.99","0.00","-4.99","","","68.20","6VU44855R68020935",""
"02/24/2026","21:19:24","PST","","General Card Deposit","Completed","USD","4.99","0.00","4.99","","","73.19","7YF54754E00277011",""
"02/24/2026","21:45:23","PST","Discord Inc","PreApproved Payment Bill User Payment","Completed","USD","-99.99","0.00","-99.99","","","-26.80","0VV56131Y4400610X",""
"02/24/2026","21:45:23","PST","","General Card Deposit","Completed","USD","99.99","0.00","99.99","","","73.19","82699472FV448173A",""
"02/24/2026","21:53:33","PST","Discord Inc","PreApproved Payment Bill User Payment","Completed","USD","-30.00","0.00","-30.00","","","43.19","80M089182B747233U",""
"02/24/2026","21:53:33","PST","","General Card Deposit","Completed","USD","30.00","0.00","30.00","","","73.19","1E490317370133441",""
"02/25/2026","06:31:49","PST","Vincent Chen","Mobile Payment","Completed","USD","-50.00","0.00","-50.00","","","23.19","98M43876TW8871244",""
"02/25/2026","06:31:49","PST","","Bank Deposit to PP Account ","Pending","USD","50.00","0.00","50.00","","","73.19","2LN86691HX829351M",""
"02/25/2026","14:41:25","PST","Pirate Ship LLC","PreApproved Payment Bill User Payment","Completed","USD","-6.75","0.00","-6.75","","","66.44","2RU428618B145812S",""
"02/25/2026","14:41:25","PST","","General Card Deposit","Completed","USD","6.75","0.00","6.75","","","73.19","3G90013234523874H",""
"02/25/2026","22:06:30","PST","Pirate Ship LLC","PreApproved Payment Bill User Payment","Completed","USD","-50.27","0.00","-50.27","","","22.92","19H628174C505900W",""
"02/25/2026","22:06:30","PST","","General Card Deposit","Completed","USD","50.27","0.00","50.27","","","73.19","3GP69764YC864393C",""
"02/26/2026","10:55:20","PST","Wow Shiny Cardboard","Mobile Payment","Completed","USD","200.00","0.00","200.00","","","273.19","6DV60295D23615315",""
"02/26/2026","12:21:55","PST","PayPal","Account Hold for Open Authorization","Pending","USD","-25.00","0.00","-25.00","","","248.19","3HX753813U998171F",""
"02/26/2026","12:21:59","PST","Starbucks Coffee Company","PreApproved Payment Bill User Payment","Completed","USD","-25.00","0.00","-25.00","","","223.19","1AG55198NT2200202",""
"02/26/2026","12:21:59","PST","PayPal","Reversal of General Account Hold","Completed","USD","25.00","0.00","25.00","","","248.19","6FR58231GW875554P",""
"02/26/2026","21:08:20","PST","Pirate Ship LLC","PreApproved Payment Bill User Payment","Completed","USD","-109.79","0.00","-109.79","","","138.40","15T17065SN3651522",""
"02/26/2026","21:08:20","PST","","General Card Deposit","Completed","USD","109.79","0.00","109.79","","","248.19","4EC95769EX203723G",""
"02/26/2026","22:19:55","PST","Kỳ Thiều","Mobile Payment","Completed","USD","6,405.00","0.00","6,405.00","","","6,653.19","9EB80377CF445735R",""
"02/27/2026","06:56:57","PST","Rong Hang Lin","Mobile Payment","Completed","USD","-6,475.00","0.00","-6,475.00","","","178.19","4E6742155M913462W",""
"02/27/2026","13:16:14","PST","Luis Contreras Schwartz","Mobile Payment","Completed","USD","-2,660.00","0.00","-2,660.00","","","-2,481.81","4R986250V6556460M","BGS 10 Mega Charizard X - cert 0019612639"
"02/27/2026","13:16:14","PST","","General Card Deposit","Completed","USD","2,660.00","0.00","2,660.00","","","178.19","48200529MM907304N",""
"02/27/2026","21:06:13","PST","Pirate Ship LLC","PreApproved Payment Bill User Payment","Completed","USD","-6.26","0.00","-6.26","","","171.93","81505154444010739",""
"02/27/2026","21:06:13","PST","","General Card Deposit","Completed","USD","6.26","0.00","6.26","","","178.19","6FG12984C41873635",""
"02/28/2026","14:42:23","PST","Vincent Chen","Mobile Payment","Completed","USD","-25.00","0.00","-25.00","","","153.19","76058974PX731653F",""
"03/01/2026","03:16:46","PST","Uber BV","PreApproved Payment Bill User Payment","Completed","JPY","-1,022.00","0.00","-1,022.00","","","-1,022.00","72Y41411NJ745440M",""
"03/01/2026","03:16:46","PST","","General Card Deposit","Completed","USD","6.85","0.00","6.85","","","160.04","5F567557PD1994258",""
"03/01/2026","03:16:46","PST","","General Currency Conversion","Completed","USD","-6.85","0.00","-6.85","149.29056","","153.19","87506160DD957625U",""
"03/01/2026","03:16:46","PST","","General Currency Conversion","Completed","JPY","1,022.00","0.00","1,022.00","","","0.00","57L24933TK262441W",""
"03/01/2026","17:59:59","PST","Uber BV","PreApproved Payment Bill User Payment","Completed","JPY","-500.00","0.00","-500.00","","","-500.00","51N82886PS1863254",""
"03/01/2026","17:59:59","PST","","General Card Deposit","Completed","USD","3.35","0.00","3.35","","","156.54","9MJ244780P047441L",""
"03/01/2026","17:59:59","PST","","General Currency Conversion","Completed","USD","-3.35","0.00","-3.35","149.29056","","153.19","0VP544384E387414D",""
"03/01/2026","17:59:59","PST","","General Currency Conversion","Completed","JPY","500.00","0.00","500.00","","","0.00","1YY56217D5911042L",""
"03/01/2026","18:19:05","PST","Uber BV","PreApproved Payment Bill User Payment","Completed","JPY","-2,921.00","0.00","-2,921.00","","","-2,921.00","7PG83614T7710535H",""
"03/01/2026","18:19:05","PST","","General Card Deposit","Completed","USD","19.57","0.00","19.57","","","172.76","5NH92628EH936711C",""
"03/01/2026","18:19:05","PST","","General Currency Conversion","Completed","USD","-19.57","0.00","-19.57","149.29056","","153.19","7UT490948H632600K",""
"03/01/2026","18:19:05","PST","","General Currency Conversion","Completed","JPY","2,921.00","0.00","2,921.00","","","0.00","87M74185P39421714",""
"03/02/2026","04:02:42","PST","Uber BV","PreApproved Payment Bill User Payment","Completed","JPY","-8,510.00","0.00","-8,510.00","","","-8,510.00","1U015598HN014603J",""
"03/02/2026","04:02:42","PST","","General Card Deposit","Completed","USD","57.00","0.00","57.00","","","210.19","80X401562A778153K",""
"03/02/2026","04:02:42","PST","","General Currency Conversion","Completed","USD","-57.00","0.00","-57.00","149.29056","","153.19","2N921396MR0159153",""
"03/02/2026","04:02:42","PST","","General Currency Conversion","Completed","JPY","8,510.00","0.00","8,510.00","","","0.00","8VV42451FL9561435",""
"03/02/2026","18:09:21","PST","Uber BV","PreApproved Payment Bill User Payment","Completed","JPY","-1,200.00","0.00","-1,200.00","","","-1,200.00","47F30607LY345570K",""
"03/02/2026","18:09:21","PST","","General Card Deposit","Completed","USD","8.03","0.00","8.03","","","161.22","5RF942480G6978139",""
"03/02/2026","18:09:21","PST","","General Currency Conversion","Completed","USD","-8.03","0.00","-8.03","149.41536","","153.19","7N369779WK110754W",""
"03/02/2026","18:09:21","PST","","General Currency Conversion","Completed","JPY","1,200.00","0.00","1,200.00","","","0.00","12246312R37320947",""
"03/03/2026","03:16:52","PST","Uber BV","PreApproved Payment Bill User Payment","Completed","JPY","-3,700.00","0.00","-3,700.00","","","-3,700.00","1D579569A1585152V",""
"03/03/2026","03:16:52","PST","","General Card Deposit","Completed","USD","24.76","0.00","24.76","","","177.95","2WN29860T59221826",""
"03/03/2026","03:16:52","PST","","General Currency Conversion","Completed","USD","-24.76","0.00","-24.76","149.41536","","153.19","30P069325W9868809",""
"03/03/2026","03:16:52","PST","","General Currency Conversion","Completed","JPY","3,700.00","0.00","3,700.00","","","0.00","5DF92393466647228",""
"03/03/2026","03:20:42","PST","Uber BV","PreApproved Payment Bill User Payment","Completed","JPY","-500.00","0.00","-500.00","","","-500.00","7VK635370S6347721",""
"03/03/2026","03:20:42","PST","","General Card Deposit","Completed","USD","3.35","0.00","3.35","","","156.54","57F706191S8397236",""
"03/03/2026","03:20:42","PST","","General Currency Conversion","Completed","USD","-3.35","0.00","-3.35","149.41536","","153.19","5F008683AT129794F",""
"03/03/2026","03:20:42","PST","","General Currency Conversion","Completed","JPY","500.00","0.00","500.00","","","0.00","9DR29232V5873173L",""
"03/03/2026","15:07:41","PST","Uber BV","PreApproved Payment Bill User Payment","Completed","JPY","-1,100.00","0.00","-1,100.00","","","-1,100.00","3EF22120AV4899839",""
"03/03/2026","15:07:41","PST","","General Card Deposit","Completed","USD","7.36","0.00","7.36","","","160.55","6KL13863U9768082A",""
"03/03/2026","15:07:41","PST","","General Currency Conversion","Completed","USD","-7.36","0.00","-7.36","149.41536","","153.19","0BL42584PY1350540",""
"03/03/2026","15:07:41","PST","","General Currency Conversion","Completed","JPY","1,100.00","0.00","1,100.00","","","0.00","0L9833884U916472N",""
"03/03/2026","21:53:25","PST","Uber BV","PreApproved Payment Bill User Payment","Completed","JPY","-300.00","0.00","-300.00","","","-300.00","4DL59908VL8638127",""
"03/03/2026","21:53:25","PST","","General Card Deposit","Completed","USD","1.99","0.00","1.99","","","155.18","4X939081FA512570C",""
"03/03/2026","21:53:25","PST","","General Currency Conversion","Completed","USD","-1.99","0.00","-1.99","150.84575999999998","","153.19","98200266HR488454L",""
"03/03/2026","21:53:25","PST","","General Currency Conversion","Completed","JPY","300.00","0.00","300.00","","","0.00","3PH99955R90104025",""
"03/03/2026","23:14:40","PST","Rong Hang Lin","Mobile Payment","Completed","USD","-3,700.00","0.00","-3,700.00","","","-3,546.81","9032804505297430P",""
"03/03/2026","23:14:40","PST","","Bank Deposit to PP Account ","Pending","USD","3,700.00","0.00","3,700.00","","","153.19","9PA18575VY465204V",""
"03/04/2026","16:29:55","PST","gustavo martin","Mobile Payment","Completed","USD","-1,152.00","0.00","-1,152.00","","","-998.81","2JL530776N764910P",""
"03/04/2026","16:29:55","PST","","Bank Deposit to PP Account ","Pending","USD","1,152.00","0.00","1,152.00","","","153.19","1FF75050M4441770U",""
"03/05/2026","19:44:29","PST","Vincent Chen","Mobile Payment","Completed","USD","-25.00","0.00","-25.00","","","128.19","3K0452721G387260H",""
"03/06/2026","02:59:11","PST","Uber BV","PreApproved Payment Bill User Payment","Completed","JPY","-1,400.00","0.00","-1,400.00","","","-1,400.00","0VV63689H46053231",""
"03/06/2026","02:59:11","PST","","General Card Deposit","Completed","USD","9.32","0.00","9.32","","","137.51","6YT8165001250803P",""
"03/06/2026","02:59:11","PST","","General Currency Conversion","Completed","USD","-9.32","0.00","-9.32","150.17376000000002","","128.19","5PM38930B9575604Y",""
"03/06/2026","02:59:11","PST","","General Currency Conversion","Completed","JPY","1,400.00","0.00","1,400.00","","","0.00","7J634626RN033552A",""
"03/06/2026","03:12:27","PST","Uber BV","PreApproved Payment Bill User Payment","Completed","JPY","-1,000.00","0.00","-1,000.00","","","-1,000.00","7X787598R0979533J",""
"03/06/2026","03:12:27","PST","","General Card Deposit","Completed","USD","6.66","0.00","6.66","","","134.85","49B11387WX910322S",""
"03/06/2026","03:12:27","PST","","General Currency Conversion","Completed","USD","-6.66","0.00","-6.66","150.17376000000002","","128.19","6KD39044UH997464X",""
"03/06/2026","03:12:27","PST","","General Currency Conversion","Completed","JPY","1,000.00","0.00","1,000.00","","","0.00","4J734095X2169622H",""
"03/06/2026","03:26:30","PST","Uber BV","PreApproved Payment Bill User Payment","Completed","JPY","-300.00","0.00","-300.00","","","-300.00","65A104657R8960117",""
"03/06/2026","03:26:30","PST","","General Card Deposit","Completed","USD","2.00","0.00","2.00","","","130.19","4NN1207802184121N",""
"03/06/2026","03:26:30","PST","","General Currency Conversion","Completed","USD","-2.00","0.00","-2.00","150.17376000000002","","128.19","9JA92088G25558706",""
"03/06/2026","03:26:30","PST","","General Currency Conversion","Completed","JPY","300.00","0.00","300.00","","","0.00","3HM30087JY681073F",""
"03/06/2026","17:41:55","PST","Uber BV","PreApproved Payment Bill User Payment","Completed","JPY","-2,200.00","0.00","-2,200.00","","","-2,200.00","0WB335790X033200V",""
"03/06/2026","17:41:55","PST","","General Card Deposit","Completed","USD","14.56","0.00","14.56","","","142.75","0U187643E8518814F",""
"03/06/2026","17:41:55","PST","","General Currency Conversion","Completed","USD","-14.56","0.00","-14.56","151.07616000000002","","128.19","1KX78783NL8029831",""
"03/06/2026","17:41:55","PST","","General Currency Conversion","Completed","JPY","2,200.00","0.00","2,200.00","","","0.00","5HP99693XH911545V",""
"03/06/2026","19:02:56","PST","Phong  Nguyen","Mobile Payment","Completed","USD","1,000.00","0.00","1,000.00","","","1,128.19","0G3703792X611903D",""
"03/06/2026","22:37:15","PST","Uber BV","PreApproved Payment Bill User Payment","Completed","JPY","-11,020.00","0.00","-11,020.00","","","-11,020.00","9W592896BW8435321",""
"03/06/2026","22:37:15","PST","","General Card Deposit","Completed","USD","72.95","0.00","72.95","","","1,201.14","1YV719890H4710438",""
"03/06/2026","22:37:15","PST","","General Currency Conversion","Completed","USD","-72.95","0.00","-72.95","151.07616000000002","","1,128.19","48M87608KS3899019",""
"03/06/2026","22:37:15","PST","","General Currency Conversion","Completed","JPY","11,020.00","0.00","11,020.00","","","0.00","1VU65564M05163302",""
"03/07/2026","20:03:25","PST","Uber BV","PreApproved Payment Bill User Payment","Completed","JPY","-2,000.00","0.00","-2,000.00","","","-2,000.00","2VK806135D340971W",""
"03/07/2026","20:03:25","PST","","General Card Deposit","Completed","USD","13.24","0.00","13.24","","","1,141.43","0HL6557814767682S",""
"03/07/2026","20:03:25","PST","","General Currency Conversion","Completed","USD","-13.24","0.00","-13.24","151.07616000000002","","1,128.19","10455384DA8546103",""
"03/07/2026","20:03:25","PST","","General Currency Conversion","Completed","JPY","2,000.00","0.00","2,000.00","","","0.00","9BE24282UH8565204",""
"03/07/2026","21:05:36","PST","Uber BV","PreApproved Payment Bill User Payment","Completed","JPY","-1,600.00","0.00","-1,600.00","","","-1,600.00","41T005043N9770735",""
"03/07/2026","21:05:36","PST","","General Card Deposit","Completed","USD","10.59","0.00","10.59","","","1,138.78","7SN30536MU311424D",""
"03/07/2026","21:05:36","PST","","General Currency Conversion","Completed","USD","-10.59","0.00","-10.59","151.07616000000002","","1,128.19","6C2610290W7915233",""
"03/07/2026","21:05:36","PST","","General Currency Conversion","Completed","JPY","1,600.00","0.00","1,600.00","","","0.00","4GR3297237032420X",""
"03/07/2026","21:09:49","PST","Uber BV","PreApproved Payment Bill User Payment","Completed","JPY","-300.00","0.00","-300.00","","","-300.00","9K517992KR516690K",""
"03/07/2026","21:09:49","PST","","General Card Deposit","Completed","USD","1.99","0.00","1.99","","","1,130.18","6MT55449A21721934",""
"03/07/2026","21:09:49","PST","","General Currency Conversion","Completed","USD","-1.99","0.00","-1.99","151.07616000000002","","1,128.19","1V469809WD772710A",""
"03/07/2026","21:09:49","PST","","General Currency Conversion","Completed","JPY","300.00","0.00","300.00","","","0.00","8K941561NR5445319",""
"03/08/2026","13:42:38","PDT","Uber BV","PreApproved Payment Bill User Payment","Completed","JPY","-1,050.00","0.00","-1,050.00","","","-1,050.00","9C638234JT4106737",""
"03/08/2026","13:42:38","PDT","","General Card Deposit","Completed","USD","6.95","0.00","6.95","","","1,135.14","3D207541X6753621X",""
"03/08/2026","13:42:38","PDT","","General Currency Conversion","Completed","USD","-6.95","0.00","-6.95","151.07616000000002","","1,128.19","1NE35358TT9167245",""
"03/08/2026","13:42:38","PDT","","General Currency Conversion","Completed","JPY","1,050.00","0.00","1,050.00","","","0.00","1TB19887JF383133L",""
"03/10/2026","12:47:02","PDT","Probstein123","General Payment","Completed","USD","3,847.50","0.00","3,847.50","","","4,975.69","5V6081863L489123H",""
"03/14/2026","19:38:51","PDT","Adam Wei","Mobile Payment","Completed","USD","-3,000.00","0.00","-3,000.00","","","1,975.69","5R909302HS152042A",""
"03/17/2026","07:49:39","PDT","pawarisorn boonyubol","Mobile Payment","Completed","USD","-294.00","0.00","-294.00","","","1,681.69","5C051999X12772024",""
"03/18/2026","07:37:31","PDT","William Burns","Mobile Payment","Completed","USD","1,000.00","0.00","1,000.00","","","2,681.69","2LN73256XD9278204",""
"03/19/2026","23:06:06","PDT","eric hui","Mobile Payment","Completed","USD","500.00","0.00","500.00","","","3,181.69","8XH803890B890311H",""
"03/20/2026","05:44:47","PDT","Adam Wei","Mobile Payment","Completed","USD","-137.00","0.00","-137.00","","","3,044.69","7BL31632TL522920Y",""
"03/22/2026","07:36:03","PDT","Probstein123","General Payment","Completed","USD","210.80","0.00","210.80","","","3,255.49","3B429824718026145",""
"03/24/2026","05:58:23","PDT","Probstein123","General Payment","Completed","USD","982.30","0.00","982.30","","","4,237.79","1LK76632YH625011K",""
"03/24/2026","09:14:12","PDT","Probstein123","General Payment","Completed","USD","1,898.50","0.00","1,898.50","","","6,136.29","6YV97388WH4909745",""
"03/24/2026","09:39:33","PDT","Enkang Lin","Mobile Payment","Completed","USD","-6,000.00","0.00","-6,000.00","","","136.29","2XJ47203UC762911L",""
"03/25/2026","08:27:38","PDT","Hardianto Sudarga","General Payment","Completed","USD","5,250.00","0.00","5,250.00","","","5,386.29","6UN12278A7324572C",""
"03/28/2026","19:08:22","PDT","Adam Wei","Mobile Payment","Completed","USD","-120.00","0.00","-120.00","","","5,266.29","4CF39171TC055643J",""
"03/30/2026","08:58:06","PDT","Vincent Chen","Mobile Payment","Completed","USD","-100.00","0.00","-100.00","","","5,166.29","52F11941SL2794052",""
"03/30/2026","12:19:51","PDT","Pirate Ship LLC","PreApproved Payment Bill User Payment","Completed","USD","-11.75","0.00","-11.75","","","5,154.54","4SN18635RT113660W",""
"03/30/2026","12:19:51","PDT","","General Card Deposit","Completed","USD","11.75","0.00","11.75","","","5,166.29","3KK55191CP916453A",""
"03/30/2026","12:26:21","PDT","Pirate Ship LLC","PreApproved Payment Bill User Payment","Completed","USD","-14.59","0.00","-14.59","","","5,151.70","85J82571035816419",""
"03/30/2026","12:26:21","PDT","","General Card Deposit","Completed","USD","14.59","0.00","14.59","","","5,166.29","53X90674AY313245G",""
"03/30/2026","12:44:07","PDT","Pirate Ship LLC","PreApproved Payment Bill User Payment","Completed","USD","-23.58","0.00","-23.58","","","5,142.71","48M70739AE233244J",""
"03/30/2026","12:44:07","PDT","","General Card Deposit","Completed","USD","23.58","0.00","23.58","","","5,166.29","70986185EH0579846",""
"03/30/2026","13:04:42","PDT","CARDSHELLZ","Express Checkout Payment","Completed","USD","-52.02","0.00","-52.02","","","5,114.27","9JH58382M19204047",""
"03/30/2026","13:04:42","PDT","","General Card Deposit","Completed","USD","52.02","0.00","52.02","","","5,166.29","6XL70863P53941929",""
"03/30/2026","18:16:05","PDT","Thao Nguyen","Mobile Payment","Completed","USD","-42.00","0.00","-42.00","","","5,124.29","8NG69586WA036504P",""
"03/30/2026","21:13:16","PDT","Anusarn Sangnimnuan","General Payment","Completed","USD","6,570.00","0.00","6,570.00","","","11,694.29","8WF41660KT508235G",""
"03/30/2026","23:10:30","PDT","Pirate Ship LLC","PreApproved Payment Bill User Payment","Completed","USD","-46.99","0.00","-46.99","","","11,647.30","199810289R577770F",""
"03/30/2026","23:10:30","PDT","","General Card Deposit","Completed","USD","46.99","0.00","46.99","","","11,694.29","4TE881552U005544B",""
"03/31/2026","22:12:25","PDT","Hardianto Sudarga","General Payment","Completed","USD","4,800.00","0.00","4,800.00","","","16,494.29","0E072833MS9169712",""
"04/01/2026","19:13:03","PDT","Edward Woo","Mobile Payment","Completed","USD","-880.00","0.00","-880.00","","","15,614.29","7HB33395JW213741W",""
"04/01/2026","19:53:56","PDT","Anusarn Sangnimnuan","General Payment","Completed","USD","50.00","0.00","50.00","","","15,664.29","9V092010E4653063B",""
"04/01/2026","22:47:11","PDT","Pirate Ship LLC","PreApproved Payment Bill User Payment","Completed","USD","-125.48","0.00","-125.48","","","15,538.81","8W7942944G678105N",""
"04/01/2026","22:47:11","PDT","","General Card Deposit","Completed","USD","125.48","0.00","125.48","","","15,664.29","6CE13959XF5577941",""
"04/02/2026","00:05:29","PDT","PayPal Inc.","Electronic Funds Transfer Funding","Completed","USD","-5,000.00","0.00","-5,000.00","","","10,664.29","93N442692K366351G",""
"04/02/2026","20:19:53","PDT","pawarisorn boonyubol","Mobile Payment","Completed","USD","2,500.00","0.00","2,500.00","","","13,164.29","9YR5765744383154N",""
"04/02/2026","23:24:40","PDT","tenso 株式会社 (tenso,inc.)","Express Checkout Payment","Completed","USD","-372.14","0.00","-372.14","","","12,792.15","4PP70336791380309",""
"04/02/2026","23:24:40","PDT","","General Card Deposit","Completed","USD","372.14","0.00","372.14","","","13,164.29","2L353692HC4495242",""
"04/02/2026","23:41:30","PDT","tenso 株式会社 (tenso,inc.)","Express Checkout Payment","Completed","USD","-401.38","0.00","-401.38","","","12,762.91","73131876PM8760148",""
"04/02/2026","23:41:30","PDT","","General Card Deposit","Completed","USD","401.38","0.00","401.38","","","13,164.29","1FW957815A9012257",""
"04/03/2026","01:19:41","PDT","tenso 株式会社 (tenso,inc.)","Express Checkout Payment","Completed","USD","-663.93","0.00","-663.93","","","12,500.36","31406888PW497713G",""
"04/03/2026","01:19:41","PDT","","General Card Deposit","Completed","USD","663.93","0.00","663.93","","","13,164.29","3YH064831S328974C",""
"04/03/2026","14:49:34","PDT","tenso 株式会社 (tenso,inc.)","Express Checkout Payment","Completed","USD","-2,967.58","0.00","-2,967.58","","","10,196.71","9DL01594S7313731H",""
"04/03/2026","14:49:34","PDT","","General Card Deposit","Completed","USD","2,967.58","0.00","2,967.58","","","13,164.29","1CE01475TG478590H",""
"04/03/2026","21:23:25","PDT","tenso 株式会社 (tenso,inc.)","Express Checkout Payment","Completed","USD","-911.78","0.00","-911.78","","","12,252.51","5WS20219YV940860W",""
"04/03/2026","21:23:25","PDT","","General Card Deposit","Completed","USD","911.78","0.00","911.78","","","13,164.29","9Y1282300C3559943",""
"04/03/2026","22:42:54","PDT","Pirate Ship LLC","PreApproved Payment Bill User Payment","Completed","USD","-178.84","0.00","-178.84","","","12,985.45","34R70373HR693053U",""
"04/03/2026","22:42:54","PDT","","General Card Deposit","Completed","USD","178.84","0.00","178.84","","","13,164.29","21M01161BE842941T",""
"04/04/2026","03:47:20","PDT","tenso 株式会社 (tenso,inc.)","Express Checkout Payment","Completed","USD","-269.78","0.00","-269.78","","","12,894.51","5WJ72257RT1845838",""
"04/04/2026","03:47:20","PDT","","General Card Deposit","Completed","USD","269.78","0.00","269.78","","","13,164.29","78X32538XJ053444C",""
"04/04/2026","08:43:31","PDT","Hardianto Sudarga","General Payment","Completed","USD","5,500.00","0.00","5,500.00","","","18,664.29","69X214928U477112X",""
"04/05/2026","12:03:16","PDT","tenso 株式会社 (tenso,inc.)","Express Checkout Payment","Completed","USD","-834.40","0.00","-834.40","","","17,829.89","39300971XR283460S",""
"04/05/2026","12:03:16","PDT","","General Card Deposit","Completed","USD","834.40","0.00","834.40","","","18,664.29","4RE26586GD4553503",""
"04/05/2026","12:04:09","PDT","tenso 株式会社 (tenso,inc.)","Express Checkout Payment","Completed","USD","-794.98","0.00","-794.98","","","17,869.31","9UB35174FH1496236",""
"04/05/2026","12:04:09","PDT","","General Card Deposit","Completed","USD","794.98","0.00","794.98","","","18,664.29","56B098722W813634G",""
"04/05/2026","13:34:34","PDT","PayPal","Account Hold for Open Authorization","Pending","USD","-25.00","0.00","-25.00","","","18,639.29","2WG32171CN867833B",""
"04/05/2026","13:34:37","PDT","Starbucks Coffee Company","PreApproved Payment Bill User Payment","Completed","USD","-25.00","0.00","-25.00","","","18,614.29","5EV7428712339703E",""
"04/05/2026","13:34:37","PDT","PayPal","Reversal of General Account Hold","Completed","USD","25.00","0.00","25.00","","","18,639.29","8S403247TW754490D",""
"04/05/2026","21:06:57","PDT","Vincent Phan","Mobile Payment","Completed","USD","-93.00","0.00","-93.00","","","18,546.29","60C19689CR281762P",""
"04/05/2026","22:29:45","PDT","Pirate Ship LLC","PreApproved Payment Bill User Payment","Completed","USD","-26.27","0.00","-26.27","","","18,520.02","8UJ43688VH3961824",""
"04/05/2026","22:29:45","PDT","","General Card Deposit","Completed","USD","26.27","0.00","26.27","","","18,546.29","0JP617574W258803W",""
"04/06/2026","00:05:26","PDT","PayPal Inc.","Electronic Funds Transfer Funding","Completed","USD","-4,500.00","0.00","-4,500.00","","","14,046.29","0H2538740P2152638",""
"04/06/2026","07:06:02","PDT","Thao Nguyen","Mobile Payment","Completed","USD","2,975.00","0.00","2,975.00","","","17,021.29","2Y4121489V7314424",""
"04/06/2026","07:46:06","PDT","tenso 株式会社 (tenso,inc.)","PreApproved Payment Bill User Payment","Completed","USD","-866.67","0.00","-866.67","","","16,154.62","43N465003C760342H",""
"04/06/2026","07:46:06","PDT","","General Card Deposit","Completed","USD","866.67","0.00","866.67","","","17,021.29","6SJ4679582711761W",""
"04/06/2026","12:20:35","PDT","Temu.com","PreApproved Payment Bill User Payment","Completed","USD","-35.03","0.00","-35.03","","","16,986.26","0MC453445U4823702",""
"04/06/2026","14:08:11","PDT","Adam Wei","Mobile Payment","Completed","USD","-10.00","0.00","-10.00","","","16,976.26","0FS80244YM414652P",""
"04/07/2026","00:05:03","PDT","PayPal Inc.","Electronic Funds Transfer Funding","Completed","USD","-3,671.66","0.00","-3,671.66","","","13,304.60","7M708723AH484744D",""
"04/07/2026","00:05:33","PDT","PayPal Inc.","Electronic Funds Transfer Funding","Completed","USD","-3,000.00","0.00","-3,000.00","","","10,304.60","3KK82633GV801984U",""
"04/07/2026","11:41:37","PDT","tenso 株式会社 (tenso,inc.)","Express Checkout Payment","Completed","USD","-789.60","0.00","-789.60","","","9,515.00","21E093079U582221M",""
"04/07/2026","11:41:37","PDT","","General Card Deposit","Completed","USD","789.60","0.00","789.60","","","10,304.60","9U429596DT182804U",""
"04/07/2026","22:04:56","PDT","Pirate Ship LLC","PreApproved Payment Bill User Payment","Completed","USD","-45.38","0.00","-45.38","","","10,259.22","6VB98866T5947993L",""
"04/07/2026","22:04:56","PDT","","General Card Deposit","Completed","USD","45.38","0.00","45.38","","","10,304.60","20N32828DK325863M",""
"04/08/2026","00:05:20","PDT","PayPal Inc.","Electronic Funds Transfer Funding","Completed","USD","-4,500.00","0.00","-4,500.00","","","5,804.60","6MK64072AM214831B",""
"04/08/2026","09:03:36","PDT","tenso 株式会社 (tenso,inc.)","Express Checkout Payment","Completed","USD","-962.88","0.00","-962.88","","","4,841.72","599063252D840183G",""
"04/08/2026","09:03:36","PDT","","General Card Deposit","Completed","USD","962.88","0.00","962.88","","","5,804.60","3GE8237333952902Y",""
"04/08/2026","17:48:42","PDT","tenso 株式会社 (tenso,inc.)","Express Checkout Payment","Completed","USD","-310.77","0.00","-310.77","","","5,493.83","3E567629VT6325137",""
"04/08/2026","17:48:42","PDT","","General Card Deposit","Completed","USD","310.77","0.00","310.77","","","5,804.60","8F836697VA395911J",""
"04/08/2026","21:31:55","PDT","tenso 株式会社 (tenso,inc.)","Payment Refund","Completed","USD","269.78","0.00","269.78","","","6,074.38","7CY4272873525462N",""
"04/08/2026","21:31:55","PDT","","General Card Withdrawal","Completed","USD","-269.78","0.00","-269.78","","","5,804.60","8SB103865J588581N",""
"04/08/2026","23:01:23","PDT","Pirate Ship LLC","PreApproved Payment Bill User Payment","Completed","USD","-67.54","0.00","-67.54","","","5,737.06","0M818009JM2718409",""
"04/08/2026","23:01:23","PDT","","General Card Deposit","Completed","USD","67.54","0.00","67.54","","","5,804.60","6R900267SX076663H",""
"04/08/2026","23:12:09","PDT","tenso 株式会社 (tenso,inc.)","Express Checkout Payment","Completed","USD","-501.14","0.00","-501.14","","","5,303.46","2W493353WJ740361B",""
"04/08/2026","23:12:09","PDT","","General Card Deposit","Completed","USD","501.14","0.00","501.14","","","5,804.60","2AN544686P3583121",""
"04/09/2026","00:04:04","PDT","PayPal Inc.","Electronic Funds Transfer Funding","Completed","USD","-4,000.00","0.00","-4,000.00","","","1,804.60","8CA4124821510821X",""
"04/09/2026","00:49:09","PDT","tenso 株式会社 (tenso,inc.)","Express Checkout Payment","Completed","USD","-521.51","0.00","-521.51","","","1,283.09","17Y38849EB970992H",""
"04/09/2026","00:49:09","PDT","","General Card Deposit","Completed","USD","521.51","0.00","521.51","","","1,804.60","8LU25062XP811762J",""
"04/09/2026","00:50:30","PDT","tenso 株式会社 (tenso,inc.)","Express Checkout Payment","Completed","USD","-268.11","0.00","-268.11","","","1,536.49","7RU694900U9325049",""
"04/09/2026","00:50:30","PDT","","General Card Deposit","Completed","USD","268.11","0.00","268.11","","","1,804.60","3FR90582MT2537310",""
"04/09/2026","16:38:28","PDT","tenso 株式会社 (tenso,inc.)","Express Checkout Payment","Completed","USD","-801.02","0.00","-801.02","","","1,003.58","4V260673CC358441Y",""
"04/09/2026","16:38:28","PDT","","General Card Deposit","Completed","USD","801.02","0.00","801.02","","","1,804.60","469568318T6497538",""
"04/10/2026","16:16:21","PDT","tenso 株式会社 (tenso,inc.)","Express Checkout Payment","Completed","USD","-600.60","0.00","-600.60","","","1,204.00","7N66929373078231S",""
"04/10/2026","16:16:21","PDT","","General Card Deposit","Completed","USD","600.60","0.00","600.60","","","1,804.60","3XW46513RY248732T",""
"04/10/2026","18:15:28","PDT","tenso 株式会社 (tenso,inc.)","Express Checkout Payment","Completed","USD","-732.60","0.00","-732.60","","","1,072.00","1C476829RC4568736",""
"04/10/2026","18:15:28","PDT","","General Card Deposit","Completed","USD","732.60","0.00","732.60","","","1,804.60","5K707847KA079200L",""
"04/11/2026","15:11:59","PDT","Jahiro Godinez","Mobile Payment","Completed","USD","-45.00","0.00","-45.00","","","1,759.60","7JS24366DA550114S",""
"04/11/2026","22:11:10","PDT","tenso 株式会社 (tenso,inc.)","Express Checkout Payment","Completed","USD","-863.30","0.00","-863.30","","","896.30","40T929973R6619114",""
"04/11/2026","22:11:10","PDT","","General Card Deposit","Completed","USD","863.30","0.00","863.30","","","1,759.60","72C52924UA452472B",""
"04/12/2026","15:12:00","PDT","tenso 株式会社 (tenso,inc.)","Express Checkout Payment","Completed","USD","-1,245.52","0.00","-1,245.52","","","514.08","50033721PL175511N",""
"04/12/2026","15:12:00","PDT","","General Card Deposit","Completed","USD","1,245.52","0.00","1,245.52","","","1,759.60","44P85540RV832900G",""
"04/13/2026","10:06:51","PDT","Hardianto Sudarga","Mobile Payment","Completed","USD","5,685.00","0.00","5,685.00","","","7,444.60","629394815D6600805",""
"04/13/2026","20:26:35","PDT","tenso 株式会社 (tenso,inc.)","Express Checkout Payment","Completed","USD","-329.51","0.00","-329.51","","","7,115.09","96P45173FP1718313",""
"04/13/2026","20:26:35","PDT","","General Card Deposit","Completed","USD","329.51","0.00","329.51","","","7,444.60","7H4883249P371712K",""
"04/13/2026","20:27:22","PDT","tenso 株式会社 (tenso,inc.)","Express Checkout Payment","Completed","USD","-533.80","0.00","-533.80","","","6,910.80","5JB941342L989863C",""
"04/13/2026","20:27:22","PDT","","General Card Deposit","Completed","USD","533.80","0.00","533.80","","","7,444.60","3SB46322M41641645",""
"04/13/2026","23:19:18","PDT","Pirate Ship LLC","PreApproved Payment Bill User Payment","Completed","USD","-24.59","0.00","-24.59","","","7,420.01","0RA72670JJ809211K",""
"04/13/2026","23:19:18","PDT","","General Card Deposit","Completed","USD","24.59","0.00","24.59","","","7,444.60","6R486711MU614180L",""
"04/14/2026","00:05:31","PDT","PayPal Inc.","Electronic Funds Transfer Funding","Completed","USD","-6,701.18","0.00","-6,701.18","","","743.42","4DC585601X463801R",""
"04/14/2026","11:14:22","PDT","Kỳ Thiều","Mobile Payment","Completed","USD","6,100.00","0.00","6,100.00","","","6,843.42","21903566E8644064V",""
"04/14/2026","15:22:02","PDT","PayPal","Account Hold for Open Authorization","Pending","USD","-25.00","0.00","-25.00","","","6,818.42","7V333103YT115420X",""
"04/14/2026","15:22:04","PDT","Starbucks Coffee Company","PreApproved Payment Bill User Payment","Completed","USD","-25.00","0.00","-25.00","","","6,793.42","57420060FA5435517",""
"04/14/2026","15:22:04","PDT","PayPal","Reversal of General Account Hold","Completed","USD","25.00","0.00","25.00","","","6,818.42","9U502023J1170545X",""
"04/14/2026","17:39:58","PDT","tenso 株式会社 (tenso,inc.)","Express Checkout Payment","Completed","USD","-783.02","0.00","-783.02","","","6,035.40","3P322151B72702052",""
"04/14/2026","17:39:58","PDT","","General Card Deposit","Completed","USD","783.02","0.00","783.02","","","6,818.42","7P794998JJ650925G",""
"04/14/2026","22:06:07","PDT","Pirate Ship LLC","PreApproved Payment Bill User Payment","Completed","USD","-52.34","0.00","-52.34","","","6,766.08","9ST63328MT381031X",""
"04/14/2026","22:06:07","PDT","","General Card Deposit","Completed","USD","52.34","0.00","52.34","","","6,818.42","8H627990NT6584940",""
"04/15/2026","09:57:11","PDT","tenso 株式会社 (tenso,inc.)","Express Checkout Payment","Completed","USD","-446.16","0.00","-446.16","","","6,372.26","5VU902758R899944S",""
"04/15/2026","09:57:11","PDT","","General Card Deposit","Completed","USD","446.16","0.00","446.16","","","6,818.42","1TR240732C328414U",""
"04/16/2026","00:05:03","PDT","PayPal Inc.","Electronic Funds Transfer Funding","Completed","USD","-5,920.84","0.00","-5,920.84","","","897.58","64U47498JL0258059",""
"04/16/2026","00:08:09","PDT","tenso 株式会社 (tenso,inc.)","Express Checkout Payment","Completed","USD","-637.27","0.00","-637.27","","","260.31","3EY68930K5814282T",""
"04/16/2026","00:08:09","PDT","","General Card Deposit","Completed","USD","637.27","0.00","637.27","","","897.58","4BM24163SY0575704",""
"04/16/2026","15:20:29","PDT","tenso 株式会社 (tenso,inc.)","Express Checkout Payment","Completed","USD","-600.60","0.00","-600.60","","","296.98","8WP858748F6899918",""
"04/16/2026","15:20:29","PDT","","General Card Deposit","Completed","USD","600.60","0.00","600.60","","","897.58","1AY39845PK296092R",""
"04/17/2026","16:49:01","PDT","tenso 株式会社 (tenso,inc.)","Express Checkout Payment","Completed","USD","-455.40","0.00","-455.40","","","442.18","1A187347VP752493J",""
"04/17/2026","16:49:01","PDT","","General Card Deposit","Completed","USD","455.40","0.00","455.40","","","897.58","4G175771LT632100B",""
"04/17/2026","20:40:18","PDT","tenso 株式会社 (tenso,inc.)","Express Checkout Payment","Completed","USD","-199.98","0.00","-199.98","","","697.60","2NG45906KH7558435",""
"04/17/2026","20:40:18","PDT","","General Card Deposit","Completed","USD","199.98","0.00","199.98","","","897.58","4H722737DE732534L",""
"04/18/2026","11:19:22","PDT","Pirate Ship LLC","PreApproved Payment Bill User Payment","Completed","USD","-37.53","0.00","-37.53","","","860.05","80A83550W3999092X",""
"04/18/2026","11:19:22","PDT","","General Card Deposit","Completed","USD","37.53","0.00","37.53","","","897.58","3MC12118XE267013X",""
"04/18/2026","22:26:42","PDT","Pirate Ship LLC","PreApproved Payment Bill User Payment","Completed","USD","-257.39","0.00","-257.39","","","640.19","3UP286450R696672G",""
"04/18/2026","22:26:42","PDT","","General Card Deposit","Completed","USD","257.39","0.00","257.39","","","897.58","28W08371TS2827528",""
"04/19/2026","01:05:24","PDT","tenso 株式会社 (tenso,inc.)","Express Checkout Payment","Completed","USD","-594.91","0.00","-594.91","","","302.67","9KK179054P487510C",""
"04/19/2026","01:05:24","PDT","","General Card Deposit","Completed","USD","594.91","0.00","594.91","","","897.58","1S6978322W1046344",""
"04/20/2026","22:58:41","PDT","Pirate Ship LLC","PreApproved Payment Bill User Payment","Completed","USD","-106.48","0.00","-106.48","","","791.10","3U886906BG427645R",""
"04/20/2026","22:58:41","PDT","","General Card Deposit","Completed","USD","106.48","0.00","106.48","","","897.58","65X68315WP2138334",""
"04/22/2026","23:04:58","PDT","Pirate Ship LLC","PreApproved Payment Bill User Payment","Completed","USD","-126.64","0.00","-126.64","","","770.94","0BP545608P220470L",""
"04/22/2026","23:04:58","PDT","","General Card Deposit","Completed","USD","126.64","0.00","126.64","","","897.58","7G76491566103762A",""
"04/23/2026","12:23:48","PDT","Justin Cokeroft","Mobile Payment","Completed","USD","-250.00","0.00","-250.00","","","647.58","0TY95448AP226672K",""
"04/23/2026","15:39:53","PDT","Justin Cokeroft","Mobile Payment","Completed","USD","350.00","0.00","350.00","","","997.58","6576602816364722G",""
"04/23/2026","15:41:30","PDT","Justin Cokeroft","Mobile Payment","Completed","USD","-100.00","0.00","-100.00","","","897.58","5RG10118UT3463941",""
"04/23/2026","19:13:45","PDT","tenso 株式会社 (tenso,inc.)","PreApproved Payment Bill User Payment","Completed","USD","-76.89","0.00","-76.89","","","820.69","1ML63744L5084840R",""
"04/23/2026","19:13:45","PDT","","General Card Deposit","Completed","USD","76.89","0.00","76.89","","","897.58","8FH7467480548450A",""
"04/23/2026","22:56:28","PDT","Pirate Ship LLC","PreApproved Payment Bill User Payment","Completed","USD","-45.50","0.00","-45.50","","","852.08","0MP5533188598570R",""
"04/23/2026","22:56:28","PDT","","General Card Deposit","Completed","USD","45.50","0.00","45.50","","","897.58","6PK27940EN3495026",""
"04/24/2026","06:14:25","PDT","Probstein123","General Payment","Completed","USD","5,000.00","0.00","5,000.00","","","5,897.58","0JT1721356187743G",""
"04/24/2026","08:24:23","PDT","PayPal","Account Hold for Open Authorization","Pending","USD","-25.00","0.00","-25.00","","","5,872.58","7AJ87797HS013972K",""
"04/24/2026","08:24:49","PDT","Starbucks Coffee Company","PreApproved Payment Bill User Payment","Completed","USD","-25.00","0.00","-25.00","","","5,847.58","3JP01979Y39305431",""
"04/24/2026","08:24:49","PDT","PayPal","Reversal of General Account Hold","Completed","USD","25.00","0.00","25.00","","","5,872.58","4B610277BM4467224",""
"04/25/2026","07:33:56","PDT","DHL Express (USA), Inc.","Express Checkout Payment","Completed","USD","-28.84","0.00","-28.84","","","5,843.74","20D5374244558271V",""
"04/25/2026","07:33:56","PDT","","General Card Deposit","Completed","USD","28.84","0.00","28.84","","","5,872.58","7YB407672D627874A",""
"04/25/2026","10:40:40","PDT","Jacob Siaosi","Mobile Payment","Completed","USD","-1,850.00","0.00","-1,850.00","","","4,022.58","0XP19963TC333325G",""
"04/25/2026","11:14:27","PDT","Shawn Chae","Mobile Payment","Completed","USD","-2,750.00","0.00","-2,750.00","","","1,272.58","1D699689SY9000242",""
"04/25/2026","20:39:48","PDT","Kỳ Thiều","Mobile Payment","Completed","USD","6,000.00","0.00","6,000.00","","","7,272.58","1PR29193UU9564822",""
"04/25/2026","21:18:29","PDT","Thi Ru To Nguyen","Mobile Payment","Completed","USD","-1,000.00","0.00","-1,000.00","","","6,272.58","72D37911V8616664J",""
"04/26/2026","21:46:37","PDT","tenso 株式会社 (tenso,inc.)","Payment Refund","Completed","USD","594.91","0.00","594.91","","","6,867.49","3NM9589120307270X",""
"04/26/2026","21:46:37","PDT","","General Card Withdrawal","Completed","USD","-594.91","0.00","-594.91","","","6,272.58","8RU31698RF318422V",""
"04/27/2026","10:19:09","PDT","Phong  Nguyen","Mobile Payment","Completed","USD","2,581.00","0.00","2,581.00","","","8,853.58","5BP54058SF822164C",""
"04/27/2026","12:05:47","PDT","PayPal Inc.","Electronic Funds Transfer Funding","Completed","USD","-6,000.00","0.00","-6,000.00","","","2,853.58","9Y290066EU427634X",""
"04/27/2026","21:46:07","PDT","DHL Express (USA), Inc.","Express Checkout Payment","Completed","USD","-28.84","0.00","-28.84","","","2,824.74","53T51304WT2813032",""
"04/27/2026","21:46:07","PDT","","General Card Deposit","Completed","USD","28.84","0.00","28.84","","","2,853.58","17T28459PD3255542",""
"04/28/2026","23:07:55","PDT","Pirate Ship LLC","PreApproved Payment Bill User Payment","Completed","USD","-28.63","0.00","-28.63","","","2,824.95","255362336X185890W",""
"04/28/2026","23:07:55","PDT","","General Card Deposit","Completed","USD","28.63","0.00","28.63","","","2,853.58","1T558974UY0613649",""
"04/29/2026","19:53:02","PDT","DHL Express (USA), Inc.","Express Checkout Payment","Completed","USD","-28.84","0.00","-28.84","","","2,824.74","3GX59672VH375031T",""
"04/29/2026","19:53:02","PDT","","General Card Deposit","Completed","USD","28.84","0.00","28.84","","","2,853.58","95P33461LC6001604",""
"04/29/2026","22:56:15","PDT","Pirate Ship LLC","PreApproved Payment Bill User Payment","Completed","USD","-49.83","0.00","-49.83","","","2,803.75","44H348247K891901P",""
"04/29/2026","22:56:15","PDT","","General Card Deposit","Completed","USD","49.83","0.00","49.83","","","2,853.58","88910256B1678333N",""
"05/03/2026","01:14:56","PDT","tenso 株式会社 (tenso,inc.)","Express Checkout Payment","Completed","USD","-76.71","0.00","-76.71","","","2,776.87","5K485269FW2689636",""
"05/03/2026","01:14:56","PDT","","General Card Deposit","Completed","USD","76.71","0.00","76.71","","","2,853.58","1DJ52627HV378132X",""
"05/03/2026","21:51:00","PDT","gustavo martin","Mobile Payment","Completed","USD","-1,620.00","0.00","-1,620.00","","","1,233.58","3FV508320H096222N",""
"05/04/2026","12:01:24","PDT","Pirate Ship LLC","PreApproved Payment Bill User Payment","Completed","USD","-6.57","0.00","-6.57","","","1,227.01","52075470BT3383252",""
"05/04/2026","12:01:24","PDT","","General Card Deposit","Completed","USD","6.57","0.00","6.57","","","1,233.58","312013008M4461413",""
"05/04/2026","17:20:42","PDT","tenso 株式会社 (tenso,inc.)","Express Checkout Payment","Completed","USD","-607.88","0.00","-607.88","","","625.70","5X0003118T7141422",""
"05/04/2026","17:20:42","PDT","","General Card Deposit","Completed","USD","607.88","0.00","607.88","","","1,233.58","8MR563281W0027422",""
"05/04/2026","22:52:48","PDT","Pirate Ship LLC","PreApproved Payment Bill User Payment","Completed","USD","-13.77","0.00","-13.77","","","1,219.81","7G9000502M215784J",""
"05/04/2026","22:52:48","PDT","","General Card Deposit","Completed","USD","13.77","0.00","13.77","","","1,233.58","9GW56999YM9818250",""
"05/05/2026","10:50:07","PDT","PayPal","Account Hold for Open Authorization","Pending","USD","-25.00","0.00","-25.00","","","1,208.58","93892642BK806983S",""
"05/05/2026","10:50:10","PDT","Starbucks Coffee Company","PreApproved Payment Bill User Payment","Completed","USD","-25.00","0.00","-25.00","","","1,183.58","96R98627F7150254R",""
"05/05/2026","10:50:10","PDT","PayPal","Reversal of General Account Hold","Completed","USD","25.00","0.00","25.00","","","1,208.58","7M0788411Y6430522",""
"05/05/2026","17:23:37","PDT","John Underwood","Mobile Payment","Completed","USD","-1,000.00","0.00","-1,000.00","","","208.58","1BK55149WK564763R",""
"05/05/2026","22:02:28","PDT","Pirate Ship LLC","PreApproved Payment Bill User Payment","Completed","USD","-58.31","0.00","-58.31","","","150.27","26S7769478763860W",""
"05/05/2026","22:02:28","PDT","","General Card Deposit","Completed","USD","58.31","0.00","58.31","","","208.58","47D50122K30904013",""
"05/06/2026","18:34:33","PDT","Midwest Sports Supply","Express Checkout Payment","Completed","USD","-92.39","0.00","-92.39","","","116.19","8G53084244031043X",""
"05/06/2026","18:34:33","PDT","","General Card Deposit","Completed","USD","92.39","0.00","92.39","","","208.58","39T518361E3342423",""
"05/07/2026","00:51:20","PDT","tenso 株式会社 (tenso,inc.)","Express Checkout Payment","Completed","USD","-1,038.96","0.00","-1,038.96","","","-830.38","97E372942A609961K",""
"05/07/2026","00:51:20","PDT","","General Card Deposit","Completed","USD","1,038.96","0.00","1,038.96","","","208.58","9D707931JS069722F",""
"05/08/2026","11:01:43","PDT","Alex El-Tayssoun","Mobile Payment","Completed","USD","3,700.00","0.00","3,700.00","","","3,908.58","4HB72129641681640",""
"05/09/2026","15:40:01","PDT","jonathan orca","Mobile Payment","Completed","USD","-4,275.00","0.00","-4,275.00","","","-366.42","40R12711792457257",""
"05/09/2026","15:40:01","PDT","","Bank Deposit to PP Account ","Pending","USD","366.42","0.00","366.42","","","0.00","40Y398534A308151J",""
"05/15/2026","07:16:31","PDT","Kỳ Thiều","Mobile Payment","Completed","USD","5,000.00","0.00","5,000.00","","","5,000.00","4D050087FJ198933G",""
"05/15/2026","09:20:55","PDT","pawarisorn boonyubol","Mobile Payment","Completed","USD","-180.00","0.00","-180.00","","","4,820.00","1UM41498RE090344S",""
"05/15/2026","09:29:10","PDT","pawarisorn boonyubol","Mobile Payment","Completed","USD","-45.00","0.00","-45.00","","","4,775.00","5Y937010357176302",""
"05/15/2026","12:30:10","PDT","PayPal","Account Hold for Open Authorization","Pending","USD","-25.00","0.00","-25.00","","","4,750.00","003320118K644743D",""
"05/15/2026","12:30:13","PDT","Starbucks Coffee Company","PreApproved Payment Bill User Payment","Completed","USD","-25.00","0.00","-25.00","","","4,725.00","14J30204R7496622P",""
"05/15/2026","12:30:13","PDT","PayPal","Reversal of General Account Hold","Completed","USD","25.00","0.00","25.00","","","4,750.00","8JD9297773975410E",""
"05/16/2026","07:34:16","PDT","PayPal","Account Hold for Open Authorization","Pending","USD","-25.00","0.00","-25.00","","","4,725.00","66P02466084497022",""
"05/16/2026","07:34:22","PDT","Starbucks Coffee Company","PreApproved Payment Bill User Payment","Completed","USD","-25.00","0.00","-25.00","","","4,700.00","0DN43041AK9466939",""
"05/16/2026","07:34:22","PDT","PayPal","Reversal of General Account Hold","Completed","USD","25.00","0.00","25.00","","","4,725.00","13V85132NM183864T",""
"05/19/2026","01:02:59","PDT","tenso 株式会社 (tenso,inc.)","Payment Refund","Completed","USD","455.40","0.00","455.40","","","5,180.40","33S47297GA3548506",""
"05/19/2026","01:02:59","PDT","","General Card Withdrawal","Completed","USD","-455.40","0.00","-455.40","","","4,725.00","42X58111MY283411W",""
"05/19/2026","11:12:01","PDT","Pirate Ship LLC","PreApproved Payment Bill User Payment","Completed","USD","-47.32","0.00","-47.32","","","4,677.68","78V51462143994019",""
"05/19/2026","11:12:01","PDT","","General Card Deposit","Completed","USD","47.32","0.00","47.32","","","4,725.00","0YT67819VG849172M",""
"05/19/2026","11:17:08","PDT","Pirate Ship LLC","PreApproved Payment Bill User Payment","Completed","USD","-15.17","0.00","-15.17","","","4,709.83","5LG81521KC3704227",""
"05/19/2026","11:17:08","PDT","","General Card Deposit","Completed","USD","15.17","0.00","15.17","","","4,725.00","8WD84674WM922763X",""
"05/19/2026","11:20:15","PDT","Pirate Ship LLC","PreApproved Payment Bill User Payment","Completed","USD","-57.93","0.00","-57.93","","","4,667.07","627460033N789515E",""
"05/19/2026","11:20:15","PDT","","General Card Deposit","Completed","USD","57.93","0.00","57.93","","","4,725.00","3J6381564D1306826",""
"05/20/2026","00:04:52","PDT","PayPal Inc.","Electronic Funds Transfer Funding","Completed","USD","-4,000.00","0.00","-4,000.00","","","725.00","0J425484HV793410H",""
"05/20/2026","18:10:16","PDT","Anusarn Sangnimnuan","General Payment","Completed","USD","1,200.00","0.00","1,200.00","","","1,925.00","8YG24901NP173660H",""
"05/21/2026","04:56:57","PDT","Probstein123","General Payment","Completed","USD","6,000.00","0.00","6,000.00","","","7,925.00","0PN33537TB4269423",""
"05/21/2026","08:13:47","PDT","Pirate Ship LLC","PreApproved Payment Bill User Payment","Completed","USD","-43.48","0.00","-43.48","","","7,881.52","9WU15470KL8472228",""
"05/21/2026","08:13:47","PDT","","General Card Deposit","Completed","USD","43.48","0.00","43.48","","","7,925.00","5DG72933D5729745S",""
"05/21/2026","14:22:55","PDT","UPS Customhouse Brokerage, Inc","Express Checkout Payment","Completed","USD","-29.00","0.00","-29.00","","","7,896.00","2UL274989N335991M","UPS PayPal"
"05/21/2026","14:22:55","PDT","","General Card Deposit","Completed","USD","29.00","0.00","29.00","","","7,925.00","7UX86618BH883023S",""
"05/22/2026","09:41:01","PDT","Pirate Ship LLC","PreApproved Payment Bill User Payment","Completed","USD","-64.93","0.00","-64.93","","","7,860.07","7P2140338P6399933",""
"05/22/2026","09:41:01","PDT","","General Card Deposit","Completed","USD","64.93","0.00","64.93","","","7,925.00","33523570EN799690L",""
"05/23/2026","14:52:41","PDT","Jose Rios","Mobile Payment","Completed","USD","-3,100.00","0.00","-3,100.00","","","4,825.00","8WJ6936949903034W",""
"05/23/2026","15:05:31","PDT","Naji Salloum","Mobile Payment","Completed","USD","-1,200.00","0.00","-1,200.00","","","3,625.00","1PA74138M2977230D",""
"05/25/2026","18:54:12","PDT","Ratthee Teerathonpaisarn","Mobile Payment","Completed","USD","-4,250.00","0.00","-4,250.00","","","-625.00","9C3295315A5265248","BGS 10 OP06 Manga Zoro"
"05/25/2026","18:54:12","PDT","","General Card Deposit","Completed","USD","4,250.00","0.00","4,250.00","","","3,625.00","2TF004040Y107225N",""
"05/26/2026","15:48:02","PDT","Pirate Ship LLC","PreApproved Payment Bill User Payment","Completed","USD","-15.17","0.00","-15.17","","","3,609.83","6JH02213PS341604W",""
"05/26/2026","15:48:02","PDT","","General Card Deposit","Completed","USD","15.17","0.00","15.17","","","3,625.00","9PR39919P7268184W",""
"05/26/2026","15:49:10","PDT","Pirate Ship LLC","PreApproved Payment Bill User Payment","Completed","USD","-13.77","0.00","-13.77","","","3,611.23","1FP42229DB164035W",""
"05/26/2026","15:49:10","PDT","","General Card Deposit","Completed","USD","13.77","0.00","13.77","","","3,625.00","2B663959004795705",""
"05/26/2026","17:05:08","PDT","Pirate Ship LLC","PreApproved Payment Bill User Payment","Completed","USD","-69.05","0.00","-69.05","","","3,555.95","9X936490VY3568603",""
"05/26/2026","17:05:08","PDT","","General Card Deposit","Completed","USD","69.05","0.00","69.05","","","3,625.00","1G734553DW358293G",""
"05/26/2026","17:06:03","PDT","Pirate Ship LLC","PreApproved Payment Bill User Payment","Completed","USD","-6.25","0.00","-6.25","","","3,618.75","5X325530WK944133Y",""
"05/26/2026","17:06:03","PDT","","General Card Deposit","Completed","USD","6.25","0.00","6.25","","","3,625.00","24A235235T316200N",""
"05/26/2026","19:36:45","PDT","Anusarn Sangnimnuan","General Payment","Completed","USD","80.00","0.00","80.00","","","3,705.00","22850261FL728712C",""
"05/27/2026","06:12:04","PDT","Gilbert Febrianto","Mobile Payment","Completed","USD","2,100.00","0.00","2,100.00","","","5,805.00","7LB47457JE024814K",""
"05/27/2026","16:36:54","PDT","PayPal Inc.","Electronic Funds Transfer Funding","Completed","USD","-5,500.00","0.00","-5,500.00","","","305.00","4RL22925U8269234S",""
"05/28/2026","01:44:59","PDT","tenso 株式会社 (tenso,inc.)","Payment Refund","Completed","USD","607.88","0.00","607.88","","","912.88","5YA42352VJ9822531",""
"05/28/2026","01:44:59","PDT","","General Card Withdrawal","Completed","USD","-607.88","0.00","-607.88","","","305.00","2TG30144LJ031631A",""
"05/28/2026","12:17:48","PDT","Pirate Ship LLC","PreApproved Payment Bill User Payment","Completed","USD","-47.32","0.00","-47.32","","","257.68","8F365687TY243574G",""
"05/28/2026","12:17:48","PDT","","General Card Deposit","Completed","USD","47.32","0.00","47.32","","","305.00","8AN41785VR020450J",""
"05/28/2026","23:54:33","PDT","Anusarn Sangnimnuan","General Payment","Completed","USD","875.00","0.00","875.00","","","1,180.00","8XD98711CU7470803",""
"05/29/2026","07:25:20","PDT","Probstein123","General Payment","Completed","USD","3,740.71","0.00","3,740.71","","","4,920.71","7UL00862UU480611T",""
"05/31/2026","00:14:48","PDT","Tiger Mist (US) LLC","Express Checkout Payment","Completed","USD","-234.03","0.00","-234.03","","","4,686.68","18M500697L153731N",""
"05/31/2026","00:14:48","PDT","","General Card Deposit","Completed","USD","234.03","0.00","234.03","","","4,920.71","992260685T582525L",""
"05/31/2026","19:21:54","PDT","tenso 株式会社 (tenso,inc.)","PreApproved Payment Bill User Payment","Completed","USD","-33.30","0.00","-33.30","","","4,887.41","18W41482MX3150816",""
"05/31/2026","19:21:54","PDT","","General Card Deposit","Completed","USD","33.30","0.00","33.30","","","4,920.71","7VF09820P41670932",""
